group	x	y	showSelected1
1	4530	24	1408
1	4530	24	119
1	4530	24	1375
2	4580	24	119
2	4580	24	17
2	4580	24	1872
2	4580	24	1600
2	4580	24	556
2	4580	24	777
3	4580	74	119
3	4580	74	17
3	4580	74	556
3	4580	74	79
3	4580	74	512
3	4580	74	1540
6	4630	74	79
6	4630	74	2266
6	4630	74	1947
6	4630	74	17
6	4630	74	960
6	4630	74	97
6	4630	74	113
6	4630	74	206
6	4630	74	1540
6	4630	74	292
6	4630	74	512
6	4630	74	2365
6	4630	74	1136
6	4630	74	341
6	4630	74	556
6	4630	74	1017
6	4630	74	1804
6	4630	74	1782
6	4630	74	2274
6	4630	74	2311
6	4630	74	1052
6	4630	74	576
6	4630	74	2305
6	4630	74	2446
6	4630	74	1253
6	4630	74	1568
6	4630	74	220
6	4630	74	440
6	4630	74	396
6	4630	74	1609
5	4630	124	79
5	4630	124	113
5	4630	124	787
5	4630	124	285
5	4630	124	121
5	4630	124	97
5	4630	124	1871
5	4630	124	341
8	4680	124	285
8	4680	124	67
8	4680	124	1202
8	4680	124	121
8	4680	124	1669
8	4680	124	113
8	4680	124	540
8	4680	124	1200
8	4680	124	2058
8	4680	124	1031
8	4680	124	1651
8	4680	124	2412
8	4680	124	846
9	4680	174	67
9	4680	174	285
9	4680	174	1200
13	4730	174	67
13	4730	174	363
13	4730	174	2342
13	4730	174	1296
13	4730	174	1200
13	4730	174	1869
13	4730	174	1029
13	4730	174	199
13	4730	174	1144
14	4730	224	67
14	4730	224	572
19	4780	224	67
19	4780	224	504
19	4780	224	2203
19	4780	224	1359
19	4780	224	572
19	4780	224	912
19	4780	224	115
19	4780	224	1079
19	4780	224	944
19	4780	224	193
19	4780	224	218
19	4780	224	1720
19	4780	224	1078
19	4780	224	1869
19	4780	224	388
19	4780	224	2363
19	4780	224	607
19	4780	224	139
20	4780	274	67
20	4780	274	2203
20	4780	274	31
20	4780	274	1189
20	4780	274	218
20	4780	274	912
20	4780	274	1078
26	4830	274	1189
26	4830	274	31
26	4830	274	601
26	4830	274	502
26	4830	274	1538
26	4830	274	2454
26	4830	274	218
26	4830	274	1096
26	4830	274	2187
26	4830	274	1078
26	4830	274	474
26	4830	274	835
26	4830	274	908
26	4830	274	1178
26	4830	274	682
27	4830	324	601
27	4830	324	502
27	4830	324	31
27	4830	324	120
27	4830	324	1036
27	4830	324	409
27	4830	324	1096
34	4880	324	462
34	4880	324	1336
34	4880	324	419
34	4880	324	54
34	4880	324	31
34	4880	324	2306
34	4880	324	1241
34	4880	324	2178
34	4880	324	407
34	4880	324	273
34	4880	324	120
34	4880	324	1677
34	4880	324	68
34	4880	324	2218
34	4880	324	1384
34	4880	324	474
34	4880	324	2181
34	4880	324	281
34	4880	324	833
34	4880	324	1436
34	4880	324	628
34	4880	324	2018
34	4880	324	1335
34	4880	324	2042
34	4880	324	1025
34	4880	324	1382
34	4880	324	112
34	4880	324	1770
35	4880	374	54
35	4880	374	382
35	4880	374	1149
35	4880	374	1241
35	4880	374	261
35	4880	374	2092
35	4880	374	462
35	4880	374	2171
35	4880	374	68
35	4880	374	538
43	4930	374	382
43	4930	374	1
43	4930	374	261
43	4930	374	1548
43	4930	374	585
43	4930	374	272
43	4930	374	2092
43	4930	374	1149
43	4930	374	488
43	4930	374	462
43	4930	374	2127
43	4930	374	567
43	4930	374	2248
43	4930	374	1789
43	4930	374	1708
43	4930	374	1218
43	4930	374	1937
43	4930	374	2174
43	4930	374	1310
43	4930	374	404
43	4930	374	23
43	4930	374	1405
43	4930	374	145
43	4930	374	809
43	4930	374	2239
43	4930	374	2054
43	4930	374	68
43	4930	374	561
43	4930	374	8
43	4930	374	284
43	4930	374	1805
43	4930	374	2309
43	4930	374	413
43	4930	374	2005
43	4930	374	345
43	4930	374	2006
43	4930	374	1193
43	4930	374	1730
43	4930	374	594
43	4930	374	112
43	4930	374	2215
43	4930	374	1019
43	4930	374	1903
43	4930	374	1255
43	4930	374	1317
43	4930	374	1123
43	4930	374	742
43	4930	374	2433
43	4930	374	2067
43	4930	374	186
44	4930	424	1
44	4930	424	1548
44	4930	424	1366
44	4930	424	58
44	4930	424	1547
44	4930	424	2068
44	4930	424	2472
44	4930	424	439
44	4930	424	2009
44	4930	424	567
44	4930	424	1939
44	4930	424	261
44	4930	424	2174
44	4930	424	23
44	4930	424	561
44	4930	424	1901
53	4980	424	58
53	4980	424	778
53	4980	424	32
53	4980	424	2472
53	4980	424	880
53	4980	424	2025
53	4980	424	1817
53	4980	424	2154
53	4980	424	1816
53	4980	424	439
53	4980	424	438
53	4980	424	146
53	4980	424	1
53	4980	424	1438
53	4980	424	1168
53	4980	424	1236
53	4980	424	1491
53	4980	424	7
53	4980	424	1698
53	4980	424	212
53	4980	424	1752
53	4980	424	86
53	4980	424	561
53	4980	424	2075
53	4980	424	2158
53	4980	424	2016
53	4980	424	2094
53	4980	424	217
53	4980	424	1432
53	4980	424	23
53	4980	424	252
53	4980	424	384
53	4980	424	61
53	4980	424	2475
53	4980	424	927
53	4980	424	1550
53	4980	424	249
53	4980	424	2038
53	4980	424	2105
53	4980	424	1303
53	4980	424	2168
53	4980	424	8
53	4980	424	2349
53	4980	424	2435
53	4980	424	2059
53	4980	424	642
53	4980	424	1294
53	4980	424	334
53	4980	424	1361
53	4980	424	1748
54	4980	474	32
54	4980	474	2023
54	4980	474	1492
54	4980	474	217
54	4980	474	1023
54	4980	474	2326
54	4980	474	710
54	4980	474	12
54	4980	474	1838
54	4980	474	1421
54	4980	474	146
54	4980	474	86
54	4980	474	1423
54	4980	474	1424
54	4980	474	1817
54	4980	474	1491
54	4980	474	1416
54	4980	474	58
54	4980	474	878
64	5030	474	12
64	5030	474	764
64	5030	474	1038
64	5030	474	1503
64	5030	474	2411
64	5030	474	2354
64	5030	474	1838
64	5030	474	795
64	5030	474	337
64	5030	474	2421
64	5030	474	1688
64	5030	474	287
64	5030	474	58
64	5030	474	558
64	5030	474	2419
64	5030	474	1973
64	5030	474	1113
64	5030	474	27
64	5030	474	758
64	5030	474	822
64	5030	474	1448
64	5030	474	872
64	5030	474	2034
64	5030	474	756
64	5030	474	307
64	5030	474	1581
64	5030	474	1080
64	5030	474	1197
64	5030	474	252
64	5030	474	170
64	5030	474	612
64	5030	474	2379
64	5030	474	1504
64	5030	474	15
64	5030	474	1766
64	5030	474	735
64	5030	474	280
64	5030	474	883
64	5030	474	1769
64	5030	474	1159
64	5030	474	2100
64	5030	474	2155
64	5030	474	1022
64	5030	474	1787
64	5030	474	1151
64	5030	474	223
64	5030	474	845
64	5030	474	1414
64	5030	474	2046
64	5030	474	294
64	5030	474	1662
64	5030	474	569
66	5030	524	1038
66	5030	524	764
66	5030	524	12
66	5030	524	287
66	5030	524	1243
66	5030	524	107
66	5030	524	2184
66	5030	524	6
66	5030	524	2123
66	5030	524	1212
66	5030	524	1244
66	5030	524	1555
66	5030	524	838
66	5030	524	1143
66	5030	524	1113
66	5030	524	1101
66	5030	524	1080
77	5080	524	6
77	5080	524	1900
77	5080	524	495
77	5080	524	1598
77	5080	524	107
77	5080	524	1587
77	5080	524	1910
77	5080	524	1119
77	5080	524	251
77	5080	524	1597
77	5080	524	1273
77	5080	524	805
77	5080	524	1516
77	5080	524	1143
77	5080	524	127
77	5080	524	2116
77	5080	524	169
77	5080	524	1371
77	5080	524	2070
77	5080	524	581
77	5080	524	2332
77	5080	524	2397
77	5080	524	242
77	5080	524	2315
77	5080	524	1101
77	5080	524	1632
77	5080	524	2369
77	5080	524	1158
77	5080	524	12
77	5080	524	2135
77	5080	524	2331
77	5080	524	90
77	5080	524	1185
77	5080	524	229
77	5080	524	605
77	5080	524	315
77	5080	524	1018
77	5080	524	1617
77	5080	524	2324
77	5080	524	2307
77	5080	524	666
77	5080	524	2063
77	5080	524	2371
77	5080	524	1066
77	5080	524	1068
77	5080	524	277
77	5080	524	890
77	5080	524	1362
77	5080	524	1039
77	5080	524	1645
77	5080	524	1295
77	5080	524	2317
77	5080	524	1020
77	5080	524	1765
77	5080	524	499
77	5080	524	1552
77	5080	524	1726
77	5080	524	793
77	5080	524	190
77	5080	524	1723
78	5080	574	1598
78	5080	574	1587
78	5080	574	531
78	5080	574	530
78	5080	574	169
78	5080	574	498
78	5080	574	41
78	5080	574	1597
78	5080	574	127
78	5080	574	452
78	5080	574	1945
78	5080	574	2397
78	5080	574	242
78	5080	574	2132
90	5130	574	41
90	5130	574	1912
90	5130	574	2008
90	5130	574	169
90	5130	574	2098
90	5130	574	452
90	5130	574	2303
90	5130	574	1224
90	5130	574	1945
90	5130	574	501
90	5130	574	127
90	5130	574	1325
90	5130	574	1040
90	5130	574	2083
90	5130	574	441
90	5130	574	2376
90	5130	574	568
90	5130	574	2132
90	5130	574	1732
90	5130	574	242
90	5130	574	814
90	5130	574	315
90	5130	574	2383
90	5130	574	2273
90	5130	574	2272
90	5130	574	560
90	5130	574	457
90	5130	574	2000
90	5130	574	2271
90	5130	574	1344
90	5130	574	90
90	5130	574	2312
90	5130	574	1240
90	5130	574	322
90	5130	574	2275
90	5130	574	1169
90	5130	574	1378
90	5130	574	672
90	5130	574	709
90	5130	574	600
4	4630	24	556
4	4630	24	17
4	4630	24	576
4	4630	24	119
4	4630	24	440
4	4630	24	220
4	4630	24	396
4	4630	24	740
4	4630	24	2121
4	4630	24	2436
4	4630	24	2175
4	4630	24	1420
4	4630	24	1198
10	4680	74	113
10	4680	74	285
10	4680	74	79
10	4680	74	846
10	4680	74	1568
10	4680	74	1225
10	4680	74	1609
10	4680	74	1316
10	4680	74	97
10	4680	74	292
10	4680	74	2058
10	4680	74	220
10	4680	74	396
10	4680	74	1253
10	4680	74	67
10	4680	74	918
10	4680	74	1820
12	4730	124	1200
12	4730	124	67
12	4730	124	285
12	4730	124	2058
12	4730	124	1144
12	4730	124	515
12	4730	124	516
12	4730	124	1232
12	4730	124	1094
18	4780	174	1869
18	4780	174	67
18	4780	174	115
18	4780	174	199
18	4780	174	607
18	4780	174	911
18	4780	174	139
18	4780	174	1029
18	4780	174	2291
18	4780	174	193
18	4780	174	562
18	4780	174	2143
18	4780	174	218
18	4780	174	1971
18	4780	174	1867
18	4780	174	2251
18	4780	174	285
18	4780	174	573
18	4780	174	451
18	4780	174	1823
25	4830	224	1078
25	4830	224	218
25	4830	224	912
25	4830	224	1274
25	4830	224	31
25	4830	224	835
25	4830	224	682
25	4830	224	1281
25	4830	224	193
25	4830	224	1293
25	4830	224	1500
25	4830	224	1740
25	4830	224	1004
25	4830	224	22
33	4880	274	31
33	4880	274	474
33	4880	274	908
33	4880	274	1434
33	4880	274	716
33	4880	274	1178
33	4880	274	570
33	4880	274	2042
33	4880	274	1770
33	4880	274	1320
33	4880	274	1825
33	4880	274	462
33	4880	274	274
33	4880	274	4
33	4880	274	2439
42	4930	324	68
42	4930	324	462
42	4930	324	284
42	4930	324	112
42	4930	324	2340
42	4930	324	833
42	4930	324	1019
42	4930	324	299
42	4930	324	2047
42	4930	324	145
42	4930	324	1978
42	4930	324	1123
42	4930	324	1025
42	4930	324	534
42	4930	324	290
42	4930	324	186
42	4930	324	1176
42	4930	324	2433
42	4930	324	2035
42	4930	324	2258
42	4930	324	264
42	4930	324	56
42	4930	324	1000
42	4930	324	2152
42	4930	324	31
42	4930	324	1696
42	4930	324	2151
42	4930	324	635
42	4930	324	1537
42	4930	324	851
42	4930	324	2470
42	4930	324	140
42	4930	324	1219
42	4930	324	135
42	4930	324	1266
42	4930	324	896
42	4930	324	203
42	4930	324	106
42	4930	324	1977
42	4930	324	1980
52	4980	374	561
52	4980	374	23
52	4980	374	261
52	4980	374	2309
52	4980	374	1721
52	4980	374	8
52	4980	374	2101
52	4980	374	1560
52	4980	374	1383
52	4980	374	742
52	4980	374	1799
52	4980	374	1649
52	4980	374	1396
52	4980	374	1447
52	4980	374	2041
52	4980	374	1289
52	4980	374	302
52	4980	374	43
52	4980	374	186
52	4980	374	435
52	4980	374	1984
52	4980	374	2003
52	4980	374	751
52	4980	374	1072
52	4980	374	1005
52	4980	374	1673
52	4980	374	1518
52	4980	374	1132
52	4980	374	155
52	4980	374	7
52	4980	374	74
52	4980	374	1676
52	4980	374	1063
52	4980	374	1812
52	4980	374	1731
52	4980	374	2242
52	4980	374	56
52	4980	374	2013
52	4980	374	1124
52	4980	374	1209
52	4980	374	1848
52	4980	374	649
52	4980	374	1536
52	4980	374	2073
52	4980	374	617
52	4980	374	2360
52	4980	374	470
52	4980	374	276
52	4980	374	2141
52	4980	374	38
52	4980	374	1450
52	4980	374	1907
52	4980	374	96
52	4980	374	1625
63	5030	424	58
63	5030	424	252
63	5030	424	249
63	5030	424	612
63	5030	424	280
63	5030	424	642
63	5030	424	578
63	5030	424	1783
63	5030	424	1808
63	5030	424	1294
63	5030	424	1974
63	5030	424	42
63	5030	424	904
63	5030	424	7
63	5030	424	845
63	5030	424	1221
63	5030	424	857
63	5030	424	1748
63	5030	424	12
63	5030	424	1591
63	5030	424	334
63	5030	424	569
63	5030	424	294
63	5030	424	1733
63	5030	424	1135
63	5030	424	743
63	5030	424	2150
63	5030	424	473
63	5030	424	2015
63	5030	424	2237
63	5030	424	408
63	5030	424	486
63	5030	424	375
63	5030	424	1111
63	5030	424	2382
63	5030	424	2026
63	5030	424	2350
63	5030	424	2079
63	5030	424	60
63	5030	424	1993
63	5030	424	2238
63	5030	424	1394
63	5030	424	975
63	5030	424	1075
63	5030	424	1364
63	5030	424	74
63	5030	424	1496
63	5030	424	1660
63	5030	424	923
75	5080	474	12
75	5080	474	1995
75	5080	474	1080
75	5080	474	229
75	5080	474	500
75	5080	474	1068
75	5080	474	2100
75	5080	474	2270
75	5080	474	1645
75	5080	474	1787
75	5080	474	223
75	5080	474	2480
75	5080	474	901
75	5080	474	663
75	5080	474	2420
75	5080	474	2046
75	5080	474	884
75	5080	474	793
75	5080	474	1151
75	5080	474	1747
75	5080	474	1687
75	5080	474	692
75	5080	474	1876
75	5080	474	1056
75	5080	474	513
75	5080	474	294
75	5080	474	914
75	5080	474	352
75	5080	474	2442
75	5080	474	1433
75	5080	474	190
75	5080	474	1691
75	5080	474	569
75	5080	474	2426
75	5080	474	1837
75	5080	474	2361
75	5080	474	1774
75	5080	474	875
75	5080	474	2043
75	5080	474	2139
75	5080	474	1902
75	5080	474	339
75	5080	474	2089
75	5080	474	447
75	5080	474	1252
75	5080	474	150
75	5080	474	60
75	5080	474	114
75	5080	474	368
75	5080	474	850
75	5080	474	211
75	5080	474	1667
75	5080	474	2405
75	5080	474	269
75	5080	474	90
75	5080	474	786
75	5080	474	165
75	5080	474	133
75	5080	474	987
75	5080	474	1355
75	5080	474	2471
75	5080	474	84
75	5080	474	1077
75	5080	474	995
75	5080	474	1773
75	5080	474	2403
89	5130	524	242
89	5130	524	315
89	5130	524	2371
89	5130	524	581
89	5130	524	1066
89	5130	524	457
89	5130	524	90
89	5130	524	2250
89	5130	524	391
89	5130	524	2000
89	5130	524	1240
89	5130	524	568
89	5130	524	2275
89	5130	524	1169
89	5130	524	2031
89	5130	524	1552
89	5130	524	560
89	5130	524	277
89	5130	524	1412
89	5130	524	499
89	5130	524	597
89	5130	524	600
89	5130	524	1048
89	5130	524	322
89	5130	524	2418
89	5130	524	1570
89	5130	524	2329
89	5130	524	2448
89	5130	524	1389
89	5130	524	1723
89	5130	524	190
89	5130	524	1112
89	5130	524	1030
89	5130	524	547
89	5130	524	1954
89	5130	524	1343
89	5130	524	1042
89	5130	524	1583
89	5130	524	672
89	5130	524	2226
89	5130	524	421
89	5130	524	1915
89	5130	524	1301
89	5130	524	1330
89	5130	524	702
89	5130	524	1918
89	5130	524	2438
89	5130	524	1088
89	5130	524	2049
89	5130	524	244
89	5130	524	1919
89	5130	524	1701
89	5130	524	73
89	5130	524	1509
89	5130	524	1308
89	5130	524	1693
89	5130	524	750
89	5130	524	1323
89	5130	524	1656
89	5130	524	1796
89	5130	524	961
89	5130	524	1637
89	5130	524	1309
89	5130	524	1601
89	5130	524	1380
89	5130	524	49
89	5130	524	2108
89	5130	524	1461
89	5130	524	1775
89	5130	524	1602
89	5130	524	2423
89	5130	524	2288
89	5130	524	959
89	5130	524	225
7	4680	24	396
7	4680	24	17
7	4680	24	1253
7	4680	24	1198
7	4680	24	1820
7	4680	24	292
7	4680	24	921
7	4680	24	97
7	4680	24	113
7	4680	24	909
7	4680	24	1824
7	4680	24	876
7	4680	24	285
7	4680	24	626
7	4680	24	1931
7	4680	24	1898
7	4680	24	2483
7	4680	24	1107
7	4680	24	1979
7	4680	24	1542
17	4780	124	67
17	4780	124	199
17	4780	124	515
17	4780	124	285
17	4780	124	1869
17	4780	124	451
17	4780	124	516
17	4780	124	755
17	4780	124	236
17	4780	124	1823
17	4780	124	221
17	4780	124	853
17	4780	124	852
17	4780	124	792
17	4780	124	2140
17	4780	124	549
17	4780	124	713
17	4780	124	1929
32	4880	224	31
32	4880	224	570
32	4880	224	218
32	4880	224	4
32	4880	224	484
32	4880	224	22
32	4880	224	1004
32	4880	224	2310
32	4880	224	1535
32	4880	224	2439
32	4880	224	1327
32	4880	224	477
32	4880	224	1714
32	4880	224	253
32	4880	224	1440
32	4880	224	715
32	4880	224	1106
32	4880	224	860
32	4880	224	434
32	4880	224	1439
32	4880	224	278
32	4880	224	247
32	4880	224	2445
32	4880	224	271
32	4880	224	1235
51	4980	324	186
51	4980	324	2152
51	4980	324	56
51	4980	324	284
51	4980	324	1266
51	4980	324	1695
51	4980	324	1090
51	4980	324	203
51	4980	324	1230
51	4980	324	38
51	4980	324	2024
51	4980	324	487
51	4980	324	2060
51	4980	324	1879
51	4980	324	1008
51	4980	324	2073
51	4980	324	1746
51	4980	324	920
51	4980	324	2040
51	4980	324	470
51	4980	324	106
51	4980	324	964
51	4980	324	2278
51	4980	324	647
51	4980	324	135
51	4980	324	1697
51	4980	324	598
51	4980	324	1904
51	4980	324	356
51	4980	324	689
51	4980	324	140
51	4980	324	1086
51	4980	324	1486
51	4980	324	2378
51	4980	324	370
51	4980	324	2372
51	4980	324	1137
51	4980	324	1484
51	4980	324	924
51	4980	324	1703
51	4980	324	582
51	4980	324	1780
51	4980	324	720
51	4980	324	379
51	4980	324	171
51	4980	324	1485
51	4980	324	136
51	4980	324	1574
51	4980	324	1445
51	4980	324	2243
51	4980	324	657
51	4980	324	759
51	4980	324	245
74	5080	424	569
74	5080	424	1151
74	5080	424	1902
74	5080	424	60
74	5080	424	12
74	5080	424	339
74	5080	424	368
74	5080	424	1665
74	5080	424	1215
74	5080	424	165
74	5080	424	1660
74	5080	424	84
74	5080	424	2130
74	5080	424	987
74	5080	424	1886
74	5080	424	1962
74	5080	424	7
74	5080	424	2304
74	5080	424	2320
74	5080	424	665
74	5080	424	899
74	5080	424	1640
74	5080	424	1566
74	5080	424	327
74	5080	424	609
74	5080	424	2299
74	5080	424	2177
74	5080	424	1549
74	5080	424	2029
74	5080	424	2087
74	5080	424	2106
74	5080	424	1803
74	5080	424	821
74	5080	424	1964
74	5080	424	2036
74	5080	424	1735
74	5080	424	1627
74	5080	424	1457
74	5080	424	981
74	5080	424	854
74	5080	424	707
74	5080	424	728
74	5080	424	64
74	5080	424	2417
74	5080	424	374
74	5080	424	24
74	5080	424	1584
74	5080	424	2223
74	5080	424	604
74	5080	424	1285
74	5080	424	1390
74	5080	424	295
15	4730	74	2058
15	4730	74	67
15	4730	74	285
15	4730	74	1232
15	4730	74	94
15	4730	74	515
15	4730	74	1898
15	4730	74	305
15	4730	74	1156
15	4730	74	839
15	4730	74	1759
15	4730	74	2224
15	4730	74	1819
15	4730	74	314
15	4730	74	2236
15	4730	74	1085
15	4730	74	780
24	4830	174	193
24	4830	174	218
24	4830	174	139
24	4830	174	2429
24	4830	174	925
24	4830	174	2428
24	4830	174	22
24	4830	174	1523
24	4830	174	1869
24	4830	174	318
24	4830	174	573
24	4830	174	1305
24	4830	174	451
24	4830	174	1870
24	4830	174	1823
24	4830	174	101
24	4830	174	189
24	4830	174	2415
24	4830	174	873
24	4830	174	320
24	4830	174	1417
24	4830	174	2314
24	4830	174	1866
24	4830	174	250
24	4830	174	1012
24	4830	174	11
24	4830	174	1291
24	4830	174	1811
24	4830	174	1575
41	4930	274	462
41	4930	274	1825
41	4930	274	31
41	4930	274	274
41	4930	274	1000
41	4930	274	112
41	4930	274	698
41	4930	274	474
41	4930	274	744
41	4930	274	140
41	4930	274	4
41	4930	274	652
41	4930	274	614
41	4930	274	1977
41	4930	274	159
41	4930	274	724
41	4930	274	106
41	4930	274	2439
41	4930	274	2124
41	4930	274	443
41	4930	274	1027
41	4930	274	539
41	4930	274	2021
41	4930	274	2056
41	4930	274	983
41	4930	274	1798
41	4930	274	893
41	4930	274	684
41	4930	274	947
41	4930	274	2039
41	4930	274	644
41	4930	274	1821
62	5030	374	7
62	5030	374	435
62	5030	374	408
62	5030	374	155
62	5030	374	74
62	5030	374	1021
62	5030	374	1536
62	5030	374	1394
62	5030	374	1095
62	5030	374	56
62	5030	374	2355
62	5030	374	2360
62	5030	374	276
62	5030	374	96
62	5030	374	1986
62	5030	374	1745
62	5030	374	60
62	5030	374	2080
62	5030	374	38
62	5030	374	2233
62	5030	374	2118
62	5030	374	616
62	5030	374	2396
62	5030	374	232
62	5030	374	1625
62	5030	374	536
62	5030	374	1211
62	5030	374	1619
62	5030	374	952
62	5030	374	340
62	5030	374	1468
62	5030	374	136
62	5030	374	2370
62	5030	374	1948
62	5030	374	677
62	5030	374	1356
62	5030	374	566
62	5030	374	257
62	5030	374	577
62	5030	374	1704
62	5030	374	1399
62	5030	374	1339
62	5030	374	163
62	5030	374	245
87	5130	474	190
87	5130	474	90
87	5130	474	1583
87	5130	474	1918
87	5130	474	1585
87	5130	474	1701
87	5130	474	1921
87	5130	474	1691
87	5130	474	2404
87	5130	474	1656
87	5130	474	844
87	5130	474	1461
87	5130	474	1965
87	5130	474	961
87	5130	474	133
87	5130	474	2113
87	5130	474	750
87	5130	474	211
87	5130	474	1788
87	5130	474	2356
87	5130	474	1262
87	5130	474	602
87	5130	474	1920
87	5130	474	995
87	5130	474	987
87	5130	474	802
87	5130	474	959
87	5130	474	788
87	5130	474	244
87	5130	474	1606
87	5130	474	1924
87	5130	474	2403
87	5130	474	84
87	5130	474	367
87	5130	474	1922
87	5130	474	2131
87	5130	474	765
87	5130	474	1616
87	5130	474	142
87	5130	474	225
87	5130	474	2004
87	5130	474	1321
87	5130	474	832
87	5130	474	2364
87	5130	474	1337
87	5130	474	688
87	5130	474	1216
87	5130	474	1935
87	5130	474	128
87	5130	474	1779
87	5130	474	1861
87	5130	474	383
87	5130	474	2294
87	5130	474	26
87	5130	474	522
87	5130	474	2409
87	5130	474	1860
101	5180	524	1030
101	5180	524	322
101	5180	524	600
101	5180	524	2401
101	5180	524	1042
101	5180	524	73
101	5180	524	702
101	5180	524	1347
101	5180	524	421
101	5180	524	703
101	5180	524	1308
101	5180	524	1644
101	5180	524	1309
101	5180	524	1693
101	5180	524	1254
101	5180	524	49
101	5180	524	2206
101	5180	524	244
101	5180	524	1793
101	5180	524	1112
101	5180	524	1205
101	5180	524	1884
101	5180	524	225
101	5180	524	1129
101	5180	524	366
101	5180	524	142
101	5180	524	693
101	5180	524	1148
101	5180	524	1724
101	5180	524	275
101	5180	524	128
101	5180	524	1545
101	5180	524	1381
101	5180	524	1074
101	5180	524	1934
101	5180	524	2104
101	5180	524	1300
101	5180	524	1385
101	5180	524	496
101	5180	524	843
11	4730	24	285
11	4730	24	1898
11	4730	24	305
11	4730	24	292
11	4730	24	2208
11	4730	24	97
11	4730	24	1153
11	4730	24	797
11	4730	24	738
11	4730	24	1979
11	4730	24	17
11	4730	24	1477
11	4730	24	1542
11	4730	24	946
11	4730	24	2145
11	4730	24	676
11	4730	24	303
11	4730	24	955
11	4730	24	648
11	4730	24	521
11	4730	24	645
11	4730	24	1771
11	4730	24	1099
11	4730	24	625
21	4780	74	515
21	4780	74	285
21	4780	74	94
21	4780	74	236
21	4780	74	221
21	4780	74	1646
21	4780	74	1961
21	4780	74	1819
21	4780	74	1893
21	4780	74	1085
21	4780	74	853
21	4780	74	2148
21	4780	74	826
21	4780	74	595
21	4780	74	780
21	4780	74	1613
21	4780	74	549
21	4780	74	1929
21	4780	74	792
21	4780	74	303
21	4780	74	2197
21	4780	74	676
21	4780	74	1541
21	4780	74	858
21	4780	74	521
21	4780	74	1250
21	4780	74	2276
21	4780	74	451
21	4780	74	2199
21	4780	74	2055
21	4780	74	1767
21	4780	74	72
23	4830	124	451
23	4830	124	1823
23	4830	124	1869
23	4830	124	755
23	4830	124	318
23	4830	124	285
23	4830	124	1128
23	4830	124	873
23	4830	124	2140
23	4830	124	1012
23	4830	124	1291
23	4830	124	83
23	4830	124	1372
23	4830	124	852
23	4830	124	1705
23	4830	124	2136
23	4830	124	792
23	4830	124	1064
23	4830	124	2410
23	4830	124	549
23	4830	124	1866
23	4830	124	2220
23	4830	124	11
23	4830	124	1575
23	4830	124	1750
23	4830	124	76
23	4830	124	2219
23	4830	124	401
23	4830	124	288
23	4830	124	1182
23	4830	124	913
23	4830	124	2149
23	4830	124	1374
23	4830	124	858
23	4830	124	2014
23	4830	124	2176
23	4830	124	1342
23	4830	124	2010
23	4830	124	2011
31	4880	174	22
31	4880	174	1106
31	4880	174	11
31	4880	174	101
31	4880	174	253
31	4880	174	250
31	4880	174	1582
31	4880	174	1333
31	4880	174	860
31	4880	174	160
31	4880	174	990
31	4880	174	2445
31	4880	174	887
31	4880	174	1917
31	4880	174	1417
31	4880	174	1404
31	4880	174	1284
31	4880	174	247
31	4880	174	510
31	4880	174	1190
31	4880	174	271
31	4880	174	320
31	4880	174	1172
31	4880	174	1059
31	4880	174	518
31	4880	174	858
31	4880	174	1377
31	4880	174	968
31	4880	174	1160
31	4880	174	913
31	4880	174	364
31	4880	174	794
31	4880	174	2249
31	4880	174	1844
31	4880	174	1481
31	4880	174	288
31	4880	174	1081
31	4880	174	4
31	4880	174	1152
31	4880	174	1428
31	4880	174	328
40	4930	224	2439
40	4930	224	4
40	4930	224	1535
40	4930	224	265
40	4930	224	1439
40	4930	224	539
40	4930	224	434
40	4930	224	278
40	4930	224	1706
40	4930	224	767
40	4930	224	2440
40	4930	224	1179
40	4930	224	535
40	4930	224	836
40	4930	224	271
40	4930	224	1994
40	4930	224	2052
40	4930	224	1235
40	4930	224	88
40	4930	224	1821
40	4930	224	871
40	4930	224	774
40	4930	224	2160
40	4930	224	1059
40	4930	224	1246
40	4930	224	2198
40	4930	224	913
40	4930	224	2180
40	4930	224	1353
40	4930	224	1115
40	4930	224	128
40	4930	224	1116
40	4930	224	260
50	4980	274	112
50	4980	274	140
50	4980	274	56
50	4980	274	159
50	4980	274	1137
50	4980	274	924
50	4980	274	330
50	4980	274	982
50	4980	274	171
50	4980	274	684
50	4980	274	779
50	4980	274	1527
50	4980	274	947
50	4980	274	370
50	4980	274	4
50	4980	274	1635
50	4980	274	2244
50	4980	274	760
50	4980	274	1532
50	4980	274	644
50	4980	274	2399
50	4980	274	1487
50	4980	274	919
50	4980	274	2084
50	4980	274	245
50	4980	274	1522
50	4980	274	128
50	4980	274	1465
50	4980	274	168
50	4980	274	2207
50	4980	274	1963
50	4980	274	1827
50	4980	274	1093
61	5030	324	1625
61	5030	324	56
61	5030	324	1486
61	5030	324	720
61	5030	324	136
61	5030	324	1784
61	5030	324	1612
61	5030	324	257
61	5030	324	577
61	5030	324	582
61	5030	324	2243
61	5030	324	1339
61	5030	324	74
61	5030	324	171
61	5030	324	308
61	5030	324	163
61	5030	324	2213
61	5030	324	449
61	5030	324	1397
61	5030	324	1234
61	5030	324	2468
61	5030	324	370
61	5030	324	913
61	5030	324	28
61	5030	324	657
61	5030	324	245
61	5030	324	128
61	5030	324	98
61	5030	324	303
61	5030	324	737
61	5030	324	1455
61	5030	324	2088
73	5080	374	60
73	5080	374	1211
73	5080	374	2177
73	5080	374	569
73	5080	374	340
73	5080	374	575
73	5080	374	74
73	5080	374	1857
73	5080	374	728
73	5080	374	1736
73	5080	374	1312
73	5080	374	566
73	5080	374	232
73	5080	374	2190
73	5080	374	24
73	5080	374	295
73	5080	374	233
73	5080	374	1407
73	5080	374	664
73	5080	374	1285
73	5080	374	163
73	5080	374	2408
73	5080	374	1672
73	5080	374	1395
73	5080	374	1949
73	5080	374	604
73	5080	374	245
73	5080	374	128
73	5080	374	64
73	5080	374	1398
73	5080	374	714
73	5080	374	843
73	5080	374	1797
73	5080	374	1985
73	5080	374	2007
73	5080	374	1482
73	5080	374	1299
73	5080	374	194
73	5080	374	636
73	5080	374	1283
86	5130	424	84
86	5130	424	832
86	5130	424	1627
86	5130	424	854
86	5130	424	1887
86	5130	424	133
86	5130	424	2364
86	5130	424	64
86	5130	424	374
86	5130	424	24
86	5130	424	1216
86	5130	424	707
86	5130	424	1460
86	5130	424	1666
86	5130	424	26
86	5130	424	2295
86	5130	424	60
86	5130	424	128
86	5130	424	906
86	5130	424	783
86	5130	424	623
86	5130	424	604
86	5130	424	728
86	5130	424	765
86	5130	424	367
86	5130	424	1390
86	5130	424	1860
86	5130	424	1510
86	5130	424	843
86	5130	424	383
86	5130	424	1797
86	5130	424	1751
86	5130	424	270
86	5130	424	2228
99	5180	474	225
99	5180	474	142
99	5180	474	765
99	5180	474	1148
99	5180	474	128
99	5180	474	275
99	5180	474	1337
99	5180	474	366
99	5180	474	1754
99	5180	474	1298
99	5180	474	167
99	5180	474	1426
99	5180	474	496
99	5180	474	367
99	5180	474	1476
99	5180	474	522
99	5180	474	2030
99	5180	474	1446
99	5180	474	383
99	5180	474	1386
99	5180	474	843
99	5180	474	2033
99	5180	474	259
99	5180	474	1996
99	5180	474	478
99	5180	474	1832
16	4780	24	285
16	4780	24	305
16	4780	24	2197
16	4780	24	676
16	4780	24	2145
16	4780	24	521
16	4780	24	1250
16	4780	24	645
16	4780	24	2443
16	4780	24	2200
16	4780	24	745
16	4780	24	1099
16	4780	24	2055
16	4780	24	2199
16	4780	24	1573
16	4780	24	72
16	4780	24	479
16	4780	24	727
16	4780	24	1270
16	4780	24	331
16	4780	24	1391
16	4780	24	753
30	4880	124	11
30	4880	124	858
30	4880	124	1374
30	4880	124	913
30	4880	124	518
30	4880	124	76
30	4880	124	288
30	4880	124	401
30	4880	124	365
30	4880	124	794
30	4880	124	968
30	4880	124	1338
30	4880	124	1567
30	4880	124	364
30	4880	124	1152
30	4880	124	423
30	4880	124	328
30	4880	124	2011
30	4880	124	503
30	4880	124	763
30	4880	124	178
30	4880	124	1694
30	4880	124	1015
30	4880	124	868
30	4880	124	95
30	4880	124	1195
30	4880	124	185
49	4980	224	4
49	4980	224	774
49	4980	224	644
49	4980	224	2400
49	4980	224	260
49	4980	224	245
49	4980	224	128
49	4980	224	913
49	4980	224	583
49	4980	224	168
49	4980	224	2325
49	4980	224	1827
49	4980	224	88
49	4980	224	1425
49	4980	224	2164
49	4980	224	416
49	4980	224	1306
49	4980	224	69
49	4980	224	1276
49	4980	224	834
49	4980	224	2290
49	4980	224	98
49	4980	224	2001
49	4980	224	722
49	4980	224	1670
72	5080	324	245
72	5080	324	163
72	5080	324	1398
72	5080	324	136
72	5080	324	128
72	5080	324	74
72	5080	324	737
72	5080	324	28
72	5080	324	1505
72	5080	324	1268
72	5080	324	980
72	5080	324	1283
72	5080	324	729
72	5080	324	2088
72	5080	324	519
72	5080	324	591
72	5080	324	194
72	5080	324	98
72	5080	324	57
72	5080	324	2229
72	5080	324	1524
72	5080	324	2225
72	5080	324	1966
72	5080	324	389
72	5080	324	533
72	5080	324	855
72	5080	324	2134
72	5080	324	2172
72	5080	324	1957
72	5080	324	373
72	5080	324	191
98	5180	424	383
98	5180	424	367
98	5180	424	522
98	5180	424	843
98	5180	424	128
98	5180	424	158
98	5180	424	259
98	5180	424	1126
98	5180	424	270
98	5180	424	489
98	5180	424	1470
98	5180	424	1033
98	5180	424	91
98	5180	424	1756
98	5180	424	1578
98	5180	424	225
98	5180	424	2333
98	5180	424	1836
98	5180	424	2202
98	5180	424	64
98	5180	424	1110
98	5180	424	1579
98	5180	424	2162
98	5180	424	2424
98	5180	424	721
98	5180	424	1749
98	5180	424	723
98	5180	424	213
98	5180	424	2222
98	5180	424	179
98	5180	424	1449
98	5180	424	1199
98	5180	424	655
98	5180	424	2182
98	5180	424	690
98	5180	424	1175
98	5180	424	1474
98	5180	424	1742
98	5180	424	1418
98	5180	424	2277
98	5180	424	1037
98	5180	424	1678
98	5180	424	1946
98	5180	424	1942
98	5180	424	117
98	5180	424	1161
98	5180	424	174
98	5180	424	1348
98	5180	424	1878
98	5180	424	1402
98	5180	424	123
98	5180	424	2391
28	4830	74	549
28	4830	74	792
28	4830	74	76
28	4830	74	2149
28	4830	74	451
28	4830	74	521
28	4830	74	2276
28	4830	74	285
28	4830	74	858
28	4830	74	401
28	4830	74	2010
28	4830	74	1183
28	4830	74	589
28	4830	74	2011
28	4830	74	72
28	4830	74	503
28	4830	74	1442
28	4830	74	255
28	4830	74	1437
28	4830	74	942
28	4830	74	2344
39	4930	174	271
39	4930	174	1059
39	4930	174	253
39	4930	174	913
39	4930	174	2160
39	4930	174	2246
39	4930	174	11
39	4930	174	1377
39	4930	174	1081
39	4930	174	288
39	4930	174	1353
39	4930	174	4
39	4930	174	1368
39	4930	174	1844
39	4930	174	1481
39	4930	174	2249
39	4930	174	1589
39	4930	174	335
39	4930	174	2384
39	4930	174	1428
39	4930	174	774
39	4930	174	1227
39	4930	174	1117
39	4930	174	376
39	4930	174	1116
39	4930	174	88
39	4930	174	328
39	4930	174	364
39	4930	174	422
39	4930	174	417
39	4930	174	768
60	5030	274	128
60	5030	274	245
60	5030	274	913
60	5030	274	98
60	5030	274	1007
60	5030	274	774
60	5030	274	168
60	5030	274	1093
60	5030	274	1376
60	5030	274	304
60	5030	274	2161
60	5030	274	1455
60	5030	274	1065
60	5030	274	355
60	5030	274	2204
60	5030	274	1307
60	5030	274	2235
60	5030	274	369
60	5030	274	28
60	5030	274	2088
60	5030	274	1744
60	5030	274	2189
60	5030	274	1629
60	5030	274	2453
60	5030	274	1987
60	5030	274	1810
60	5030	274	2201
60	5030	274	907
60	5030	274	1554
60	5030	274	1826
60	5030	274	1855
60	5030	274	1938
60	5030	274	2257
60	5030	274	559
60	5030	274	2027
60	5030	274	2234
60	5030	274	943
60	5030	274	820
60	5030	274	629
60	5030	274	44
60	5030	274	2283
60	5030	274	1239
60	5030	274	2032
60	5030	274	291
60	5030	274	1365
60	5030	274	1727
85	5130	374	60
85	5130	374	128
85	5130	374	843
85	5130	374	1797
85	5130	374	245
85	5130	374	64
85	5130	374	194
85	5130	374	651
85	5130	374	233
85	5130	374	207
85	5130	374	1272
85	5130	374	57
85	5130	374	1302
85	5130	374	270
85	5130	374	636
85	5130	374	1127
85	5130	374	1071
85	5130	374	790
85	5130	374	789
85	5130	374	864
85	5130	374	2281
85	5130	374	394
85	5130	374	1043
85	5130	374	922
85	5130	374	741
85	5130	374	2452
85	5130	374	658
85	5130	374	1315
85	5130	374	2319
85	5130	374	1146
85	5130	374	966
85	5130	374	726
85	5130	374	1411
85	5130	374	118
110	5230	474	843
110	5230	474	496
110	5230	474	1863
110	5230	474	128
110	5230	474	225
110	5230	474	478
110	5230	474	1091
110	5230	474	2012
110	5230	474	2072
110	5230	474	1991
110	5230	474	1329
110	5230	474	1508
110	5230	474	1222
110	5230	474	259
110	5230	474	1951
110	5230	474	2230
110	5230	474	321
110	5230	474	1998
110	5230	474	2353
110	5230	474	1058
110	5230	474	81
110	5230	474	1889
110	5230	474	671
110	5230	474	1495
110	5230	474	1592
110	5230	474	2037
110	5230	474	1845
22	4830	24	285
22	4830	24	72
22	4830	24	589
22	4830	24	727
22	4830	24	1437
22	4830	24	753
22	4830	24	255
22	4830	24	548
22	4830	24	479
22	4830	24	87
22	4830	24	2344
22	4830	24	2085
22	4830	24	1105
22	4830	24	708
36	4880	74	401
36	4880	74	2011
36	4880	74	589
36	4880	74	503
36	4880	74	95
36	4880	74	178
36	4880	74	2390
36	4880	74	1442
36	4880	74	1858
36	4880	74	255
36	4880	74	881
36	4880	74	185
36	4880	74	1195
36	4880	74	1122
36	4880	74	1214
36	4880	74	2344
36	4880	74	1326
36	4880	74	1883
36	4880	74	1238
36	4880	74	941
36	4880	74	937
36	4880	74	1997
36	4880	74	514
38	4930	124	328
38	4930	124	364
38	4930	124	11
38	4930	124	422
38	4930	124	1324
38	4930	124	1525
38	4930	124	2179
38	4930	124	95
38	4930	124	377
38	4930	124	138
38	4930	124	306
38	4930	124	1013
38	4930	124	544
38	4930	124	2050
38	4930	124	129
38	4930	124	2343
38	4930	124	1084
38	4930	124	131
48	4980	174	4
48	4980	174	1741
48	4980	174	260
48	4980	174	1276
48	4980	174	376
48	4980	174	1739
48	4980	174	11
48	4980	174	69
48	4980	174	138
48	4980	174	1264
48	4980	174	188
48	4980	174	1670
48	4980	174	2091
48	4980	174	772
48	4980	174	468
48	4980	174	915
48	4980	174	1675
48	4980	174	44
59	5030	224	168
59	5030	224	98
59	5030	224	1226
59	5030	224	2257
59	5030	224	559
59	5030	224	943
59	5030	224	69
59	5030	224	1781
59	5030	224	291
59	5030	224	1162
59	5030	224	2053
59	5030	224	2394
59	5030	224	796
59	5030	224	1727
59	5030	224	188
59	5030	224	44
59	5030	224	1815
59	5030	224	201
59	5030	224	414
59	5030	224	1611
59	5030	224	332
71	5080	274	28
71	5080	274	1524
71	5080	274	110
71	5080	274	1590
71	5080	274	98
71	5080	274	2201
71	5080	274	1826
71	5080	274	1938
71	5080	274	2082
71	5080	274	1967
71	5080	274	1968
71	5080	274	1165
71	5080	274	2027
71	5080	274	2450
71	5080	274	373
71	5080	274	44
71	5080	274	532
71	5080	274	1466
71	5080	274	378
71	5080	274	533
71	5080	274	1376
71	5080	274	653
71	5080	274	917
71	5080	274	1133
71	5080	274	2048
71	5080	274	1024
71	5080	274	191
71	5080	274	979
71	5080	274	593
71	5080	274	75
71	5080	274	599
71	5080	274	35
71	5080	274	553
71	5080	274	1959
71	5080	274	25
71	5080	274	1913
71	5080	274	1761
71	5080	274	1001
71	5080	274	1138
71	5080	274	116
84	5130	324	194
84	5130	324	57
84	5130	324	387
84	5130	324	389
84	5130	324	729
84	5130	324	619
84	5130	324	207
84	5130	324	2147
84	5130	324	191
84	5130	324	1469
84	5130	324	64
84	5130	324	118
84	5130	324	543
84	5130	324	1539
84	5130	324	2109
84	5130	324	2102
84	5130	324	2444
84	5130	324	2111
84	5130	324	1288
84	5130	324	256
84	5130	324	608
84	5130	324	2110
84	5130	324	2430
84	5130	324	33
84	5130	324	811
84	5130	324	1287
84	5130	324	2479
84	5130	324	954
84	5130	324	1768
84	5130	324	2
84	5130	324	1809
84	5130	324	153
97	5180	374	64
97	5180	374	270
97	5180	374	91
97	5180	374	1615
97	5180	374	213
97	5180	374	1037
97	5180	374	790
97	5180	374	2431
97	5180	374	1626
97	5180	374	1146
97	5180	374	2277
97	5180	374	418
97	5180	374	726
97	5180	374	1875
97	5180	374	361
97	5180	374	1451
97	5180	374	125
97	5180	374	179
97	5180	374	1411
97	5180	374	1051
97	5180	374	1286
97	5180	374	175
97	5180	374	2467
97	5180	374	2391
97	5180	374	934
97	5180	374	1800
97	5180	374	82
97	5180	374	2318
97	5180	374	2402
97	5180	374	618
97	5180	374	1807
97	5180	374	2
97	5180	374	2173
97	5180	374	316
109	5230	424	259
109	5230	424	721
109	5230	424	1345
109	5230	424	225
109	5230	424	1449
109	5230	424	321
109	5230	424	2182
109	5230	424	1352
109	5230	424	1742
109	5230	424	1418
109	5230	424	117
109	5230	424	2456
109	5230	424	2028
109	5230	424	1495
109	5230	424	179
109	5230	424	81
109	5230	424	507
109	5230	424	1061
109	5230	424	841
109	5230	424	2183
109	5230	424	1348
109	5230	424	174
109	5230	424	699
109	5230	424	329
109	5230	424	123
109	5230	424	1161
109	5230	424	2037
109	5230	424	1402
109	5230	424	1881
109	5230	424	1577
109	5230	424	668
109	5230	424	2391
109	5230	424	392
109	5230	424	939
109	5230	424	1958
109	5230	424	2441
109	5230	424	1681
109	5230	424	620
109	5230	424	1683
109	5230	424	991
109	5230	424	817
109	5230	424	309
109	5230	424	9
109	5230	424	333
109	5230	424	1772
109	5230	424	1249
109	5230	424	2469
109	5230	424	2163
109	5230	424	541
109	5230	424	2465
109	5230	424	104
109	5230	424	1147
109	5230	424	1472
109	5230	424	2292
109	5230	424	1786
109	5230	424	678
109	5230	424	2296
109	5230	424	1104
109	5230	424	1083
109	5230	424	1940
109	5230	424	580
109	5230	424	818
109	5230	424	1520
29	4880	24	2344
29	4880	24	255
29	4880	24	1238
29	4880	24	2085
29	4880	24	72
29	4880	24	589
29	4880	24	2478
29	4880	24	941
29	4880	24	2086
29	4880	24	2462
29	4880	24	654
47	4980	124	11
47	4980	124	138
47	4980	124	422
47	4980	124	1118
47	4980	124	544
47	4980	124	1084
47	4980	124	131
47	4980	124	239
47	4980	124	44
47	4980	124	1480
47	4980	124	1089
47	4980	124	565
47	4980	124	2264
70	5080	224	44
70	5080	224	98
70	5080	224	75
70	5080	224	1134
70	5080	224	291
70	5080	224	69
70	5080	224	553
70	5080	224	1815
70	5080	224	201
70	5080	224	1764
70	5080	224	332
70	5080	224	973
70	5080	224	1297
70	5080	224	19
70	5080	224	116
70	5080	224	1489
70	5080	224	238
70	5080	224	1709
70	5080	224	863
70	5080	224	2359
70	5080	224	554
70	5080	224	1593
70	5080	224	1682
70	5080	224	1926
70	5080	224	1925
70	5080	224	824
70	5080	224	1014
70	5080	224	2398
70	5080	224	687
70	5080	224	237
96	5180	324	64
96	5180	324	33
96	5180	324	118
96	5180	324	125
96	5180	324	2
96	5180	324	1729
96	5180	324	77
96	5180	324	57
96	5180	324	1108
96	5180	324	2064
96	5180	324	618
96	5180	324	256
96	5180	324	673
96	5180	324	542
96	5180	324	153
96	5180	324	776
96	5180	324	632
96	5180	324	974
96	5180	324	316
96	5180	324	1807
96	5180	324	2142
96	5180	324	2245
96	5180	324	1830
96	5180	324	2335
96	5180	324	196
96	5180	324	840
96	5180	324	1833
96	5180	324	669
96	5180	324	1502
96	5180	324	2268
96	5180	324	1501
96	5180	324	1125
96	5180	324	2321
96	5180	324	2322
119	5280	424	81
119	5280	424	841
119	5280	424	620
119	5280	424	2338
119	5280	424	1956
119	5280	424	309
119	5280	424	2122
119	5280	424	2163
119	5280	424	104
119	5280	424	1082
119	5280	424	9
119	5280	424	2240
119	5280	424	2465
119	5280	424	879
119	5280	424	1786
119	5280	424	1603
119	5280	424	1083
119	5280	424	1104
119	5280	424	123
119	5280	424	1041
119	5280	424	2285
119	5280	424	2373
119	5280	424	1520
119	5280	424	580
119	5280	424	2195
119	5280	424	2097
119	5280	424	932
119	5280	424	2407
119	5280	424	978
119	5280	424	613
119	5280	424	1657
119	5280	424	2406
119	5280	424	2212
119	5280	424	353
119	5280	424	1610
119	5280	424	141
119	5280	424	1409
119	5280	424	1650
119	5280	424	621
119	5280	424	1801
119	5280	424	1982
119	5280	424	1888
119	5280	424	940
45	4930	74	95
45	4930	74	306
45	4930	74	937
45	4930	74	514
45	4930	74	255
45	4930	74	2343
45	4930	74	129
45	4930	74	131
45	4930	74	2076
45	4930	74	1565
45	4930	74	358
45	4930	74	2114
45	4930	74	454
45	4930	74	99
45	4930	74	971
58	5030	174	69
58	5030	174	188
58	5030	174	11
58	5030	174	1932
58	5030	174	468
58	5030	174	414
58	5030	174	915
58	5030	174	415
58	5030	174	1658
58	5030	174	1499
58	5030	174	1675
58	5030	174	44
58	5030	174	957
58	5030	174	766
58	5030	174	1369
58	5030	174	910
58	5030	174	1596
58	5030	174	1256
58	5030	174	869
83	5130	274	191
83	5130	274	256
83	5130	274	1897
83	5130	274	599
83	5130	274	1290
83	5130	274	28
83	5130	274	1959
83	5130	274	1201
83	5130	274	25
83	5130	274	823
83	5130	274	938
83	5130	274	44
83	5130	274	153
83	5130	274	406
83	5130	274	660
83	5130	274	1497
83	5130	274	428
83	5130	274	804
83	5130	274	2193
83	5130	274	176
83	5130	274	342
108	5230	374	179
108	5230	374	175
108	5230	374	939
108	5230	374	125
108	5230	374	1683
108	5230	374	82
108	5230	374	123
108	5230	374	1249
108	5230	374	350
108	5230	374	104
108	5230	374	1684
108	5230	374	437
108	5230	374	2297
108	5230	374	39
108	5230	374	1807
108	5230	374	1493
108	5230	374	1636
108	5230	374	818
108	5230	374	580
108	5230	374	877
108	5230	374	2194
108	5230	374	2451
108	5230	374	874
108	5230	374	1208
108	5230	374	316
108	5230	374	1191
108	5230	374	2460
108	5230	374	2126
108	5230	374	1520
108	5230	374	2096
108	5230	374	157
108	5230	374	761
108	5230	374	1415
108	5230	374	1908
108	5230	374	1852
108	5230	374	2
108	5230	374	293
108	5230	374	680
108	5230	374	630
108	5230	374	681
108	5230	374	343
108	5230	374	631
108	5230	374	1431
108	5230	374	14
108	5230	374	2170
108	5230	374	459
108	5230	374	1435
108	5230	374	2413
108	5230	374	2256
37	4930	24	255
37	4930	24	358
37	4930	24	129
37	4930	24	2462
37	4930	24	99
37	4930	24	454
37	4930	24	72
37	4930	24	161
37	4930	24	458
37	4930	24	1120
37	4930	24	1639
55	4980	74	131
55	4980	74	129
55	4980	74	422
55	4980	74	2114
55	4980	74	565
55	4980	74	99
55	4980	74	2115
55	4980	74	1180
55	4980	74	971
55	4980	74	16
55	4980	74	44
55	4980	74	958
55	4980	74	47
57	5030	124	44
57	5030	124	11
57	5030	124	239
57	5030	124	468
57	5030	124	422
57	5030	124	766
57	5030	124	2264
57	5030	124	338
57	5030	124	1237
57	5030	124	182
57	5030	124	508
57	5030	124	1829
57	5030	124	529
69	5080	174	44
69	5080	174	468
69	5080	174	238
69	5080	174	1682
69	5080	174	2374
69	5080	174	405
69	5080	174	1725
69	5080	174	1257
69	5080	174	19
69	5080	174	71
69	5080	174	1850
69	5080	174	824
69	5080	174	1880
69	5080	174	869
69	5080	174	237
69	5080	174	182
69	5080	174	463
69	5080	174	1890
69	5080	174	1543
69	5080	174	1668
69	5080	174	230
69	5080	174	381
82	5130	224	44
82	5130	224	554
82	5130	224	2458
82	5130	224	25
82	5130	224	1586
82	5130	224	237
82	5130	224	19
82	5130	224	1145
82	5130	224	176
82	5130	224	615
82	5130	224	1014
82	5130	224	342
82	5130	224	2377
82	5130	224	2065
82	5130	224	1358
82	5130	224	1471
82	5130	224	687
82	5130	224	35
82	5130	224	2156
82	5130	224	754
82	5130	224	610
82	5130	224	2477
82	5130	224	2381
82	5130	224	78
82	5130	224	1340
82	5130	224	711
82	5130	224	126
82	5130	224	2316
82	5130	224	2210
82	5130	224	2255
82	5130	224	20
95	5180	274	256
95	5180	274	153
95	5180	274	974
95	5180	274	196
95	5180	274	705
95	5180	274	2
95	5180	274	1833
95	5180	274	234
95	5180	274	1125
95	5180	274	25
95	5180	274	342
95	5180	274	1873
95	5180	274	2169
95	5180	274	949
95	5180	274	1393
95	5180	274	1166
95	5180	274	550
95	5180	274	773
95	5180	274	1379
95	5180	274	633
95	5180	274	1599
95	5180	274	1562
107	5230	324	1807
107	5230	324	316
107	5230	324	2
107	5230	324	125
107	5230	324	2142
107	5230	324	1415
107	5230	324	1830
107	5230	324	1777
107	5230	324	1373
107	5230	324	494
107	5230	324	1778
107	5230	324	840
107	5230	324	1620
107	5230	324	427
107	5230	324	459
107	5230	324	669
107	5230	324	603
107	5230	324	424
107	5230	324	1267
107	5230	324	888
107	5230	324	1531
107	5230	324	1248
107	5230	324	1521
107	5230	324	2241
107	5230	324	70
107	5230	324	2348
107	5230	324	2166
107	5230	324	590
107	5230	324	204
107	5230	324	1652
107	5230	324	246
107	5230	324	1100
107	5230	324	1506
107	5230	324	426
107	5230	324	151
107	5230	324	45
107	5230	324	1717
107	5230	324	53
107	5230	324	1157
107	5230	324	1311
107	5230	324	2425
107	5230	324	1544
118	5280	374	1520
118	5280	374	580
118	5280	374	104
118	5280	374	2126
118	5280	374	1852
118	5280	374	141
118	5280	374	1802
118	5280	374	1261
118	5280	374	2095
118	5280	374	59
118	5280	374	2170
118	5280	374	14
118	5280	374	1067
118	5280	374	343
118	5280	374	2191
118	5280	374	945
118	5280	374	2
118	5280	374	1955
118	5280	374	1841
118	5280	374	2093
118	5280	374	1483
118	5280	374	1982
118	5280	374	977
118	5280	374	1016
118	5280	374	798
118	5280	374	656
118	5280	374	1454
118	5280	374	2432
118	5280	374	1685
118	5280	374	2362
118	5280	374	29
118	5280	374	1277
118	5280	374	1891
118	5280	374	831
118	5280	374	940
118	5280	374	2461
118	5280	374	1181
118	5280	374	2393
118	5280	374	1743
118	5280	374	1534
118	5280	374	1702
118	5280	374	1513
118	5280	374	1605
118	5280	374	1607
118	5280	374	1507
118	5280	374	837
118	5280	374	1304
118	5280	374	1608
118	5280	374	1479
118	5280	374	1032
118	5280	374	226
118	5280	374	2259
118	5280	374	928
118	5280	374	109
118	5280	374	1953
118	5280	374	2099
118	5280	374	806
46	4980	24	99
46	4980	24	971
46	4980	24	1639
46	4980	24	458
46	4980	24	574
46	4980	24	47
46	4980	24	161
46	4980	24	216
46	4980	24	1103
46	4980	24	747
46	4980	24	865
46	4980	24	808
46	4980	24	996
46	4980	24	969
46	4980	24	829
68	5080	124	44
68	5080	124	182
68	5080	124	1223
68	5080	124	463
68	5080	124	2120
68	5080	124	1923
68	5080	124	1668
68	5080	124	529
68	5080	124	2119
68	5080	124	248
68	5080	124	1419
68	5080	124	268
68	5080	124	1413
68	5080	124	775
68	5080	124	523
68	5080	124	148
68	5080	124	1114
68	5080	124	1831
68	5080	124	2386
94	5180	224	342
94	5180	224	550
94	5180	224	153
94	5180	224	754
94	5180	224	1379
94	5180	224	237
94	5180	224	126
94	5180	224	1340
94	5180	224	164
94	5180	224	1242
94	5180	224	773
94	5180	224	35
94	5180	224	240
94	5180	224	20
94	5180	224	988
94	5180	224	1927
94	5180	224	156
94	5180	224	390
94	5180	224	1102
94	5180	224	1882
94	5180	224	962
94	5180	224	231
94	5180	224	992
94	5180	224	1167
94	5180	224	1430
94	5180	224	1621
117	5280	324	2
117	5280	324	2209
117	5280	324	14
117	5280	324	736
117	5280	324	1277
117	5280	324	1707
117	5280	324	40
117	5280	324	246
117	5280	324	1608
117	5280	324	1458
117	5280	324	1953
117	5280	324	579
117	5280	324	109
117	5280	324	1952
117	5280	324	769
117	5280	324	53
117	5280	324	29
117	5280	324	739
117	5280	324	45
117	5280	324	1406
117	5280	324	1260
117	5280	324	1529
117	5280	324	803
117	5280	324	50
117	5280	324	1622
117	5280	324	659
117	5280	324	842
117	5280	324	1623
117	5280	324	2107
117	5280	324	1624
117	5280	324	2146
117	5280	324	317
117	5280	324	461
117	5280	324	2414
117	5280	324	1911
117	5280	324	2380
117	5280	324	1346
117	5280	324	1981
117	5280	324	1679
117	5280	324	1633
117	5280	324	63
117	5280	324	661
117	5280	324	1634
117	5280	324	348
65	5030	74	422
65	5030	74	44
65	5030	74	16
65	5030	74	131
65	5030	74	1045
65	5030	74	215
65	5030	74	958
65	5030	74	47
65	5030	74	529
65	5030	74	825
65	5030	74	799
65	5030	74	545
65	5030	74	1976
65	5030	74	1318
65	5030	74	749
65	5030	74	124
65	5030	74	99
65	5030	74	1990
65	5030	74	2069
65	5030	74	524
65	5030	74	1868
81	5130	174	237
81	5130	174	610
81	5130	174	19
81	5130	174	71
81	5130	174	35
81	5130	174	1367
81	5130	174	230
81	5130	174	711
81	5130	174	1046
81	5130	174	2323
81	5130	174	2211
81	5130	174	381
81	5130	174	1186
81	5130	174	2474
81	5130	174	182
81	5130	174	1571
81	5130	174	20
81	5130	174	1279
81	5130	174	1278
81	5130	174	891
81	5130	174	523
81	5130	174	1989
81	5130	174	1813
106	5230	274	2
106	5230	274	70
106	5230	274	633
106	5230	274	426
106	5230	274	1248
106	5230	274	1905
106	5230	274	153
106	5230	274	151
106	5230	274	773
106	5230	274	351
106	5230	274	1562
106	5230	274	1641
106	5230	274	2279
106	5230	274	1247
106	5230	274	45
106	5230	274	1960
106	5230	274	1544
106	5230	274	1689
106	5230	274	279
106	5230	274	1728
106	5230	274	662
106	5230	274	902
106	5230	274	847
106	5230	274	1776
106	5230	274	1494
106	5230	274	520
106	5230	274	2336
106	5230	274	1556
106	5230	274	1488
106	5230	274	976
106	5230	274	2337
106	5230	274	1354
106	5230	274	862
106	5230	274	2057
106	5230	274	219
106	5230	274	1847
106	5230	274	998
106	5230	274	18
127	5330	374	104
127	5330	374	940
127	5330	374	29
127	5330	374	59
127	5330	374	1507
127	5330	374	757
127	5330	374	1822
127	5330	374	1427
127	5330	374	1604
127	5330	374	472
127	5330	374	1700
127	5330	374	806
127	5330	374	1686
127	5330	374	2144
127	5330	374	1282
127	5330	374	266
127	5330	374	926
127	5330	374	109
127	5330	374	63
127	5330	374	143
127	5330	374	1719
127	5330	374	317
127	5330	374	493
127	5330	374	1028
127	5330	374	634
127	5330	374	1473
127	5330	374	21
127	5330	374	1791
127	5330	374	154
127	5330	374	1217
127	5330	374	1642
127	5330	374	2308
127	5330	374	1933
56	5030	24	47
56	5030	24	216
56	5030	24	865
56	5030	24	99
56	5030	24	807
56	5030	24	969
56	5030	24	1109
56	5030	24	749
56	5030	24	916
56	5030	24	1868
56	5030	24	1328
56	5030	24	1060
56	5030	24	746
56	5030	24	67
76	5080	74	529
76	5080	74	44
76	5080	74	1076
76	5080	74	1318
76	5080	74	886
76	5080	74	148
76	5080	74	2482
76	5080	74	124
76	5080	74	182
76	5080	74	2217
76	5080	74	931
76	5080	74	2192
76	5080	74	476
76	5080	74	1551
76	5080	74	1680
76	5080	74	47
76	5080	74	431
76	5080	74	248
76	5080	74	936
76	5080	74	403
76	5080	74	935
76	5080	74	866
76	5080	74	258
80	5130	124	182
80	5130	124	71
80	5130	124	268
80	5130	124	523
80	5130	124	20
80	5130	124	248
80	5130	124	1047
80	5130	124	2129
80	5130	124	35
80	5130	124	828
80	5130	124	313
80	5130	124	867
80	5130	124	1758
80	5130	124	2427
80	5130	124	2269
80	5130	124	2476
80	5130	124	205
80	5130	124	2466
80	5130	124	1671
80	5130	124	44
80	5130	124	734
80	5130	124	1738
80	5130	124	706
80	5130	124	1441
80	5130	124	1263
80	5130	124	13
80	5130	124	999
80	5130	124	587
80	5130	124	1559
93	5180	174	20
93	5180	174	35
93	5180	174	1572
93	5180	174	992
93	5180	174	231
93	5180	174	420
93	5180	174	1813
93	5180	174	1790
93	5180	174	1155
93	5180	174	670
93	5180	174	5
93	5180	174	1885
93	5180	174	1050
93	5180	174	18
93	5180	174	2368
93	5180	174	1580
93	5180	174	2366
93	5180	174	296
93	5180	174	2455
93	5180	174	2328
93	5180	174	1357
93	5180	174	948
93	5180	174	1718
93	5180	174	725
93	5180	174	2286
93	5180	174	685
93	5180	174	1275
93	5180	174	99
93	5180	174	2137
105	5230	224	773
105	5230	224	153
105	5230	224	662
105	5230	224	70
105	5230	224	219
105	5230	224	164
105	5230	224	467
105	5230	224	18
105	5230	224	1648
105	5230	224	1494
105	5230	224	1630
105	5230	224	1167
105	5230	224	1854
105	5230	224	1992
105	5230	224	1546
105	5230	224	639
105	5230	224	1941
105	5230	224	2260
105	5230	224	2044
105	5230	224	970
105	5230	224	862
105	5230	224	156
105	5230	224	885
105	5230	224	1847
105	5230	224	231
105	5230	224	51
105	5230	224	5
105	5230	224	444
105	5230	224	1631
105	5230	224	130
105	5230	224	2284
116	5280	274	1544
116	5280	274	45
116	5280	274	53
116	5280	274	1689
116	5280	274	1556
116	5280	274	771
116	5280	274	1220
116	5280	274	2216
116	5280	274	55
116	5280	274	461
116	5280	274	2159
116	5280	274	70
116	5280	274	976
116	5280	274	297
116	5280	274	2057
116	5280	274	1763
116	5280	274	998
116	5280	274	348
116	5280	274	18
116	5280	274	953
116	5280	274	51
116	5280	274	1839
116	5280	274	791
116	5280	274	63
116	5280	274	1010
116	5280	274	1452
116	5280	274	301
116	5280	274	1206
116	5280	274	509
116	5280	274	1722
116	5280	274	732
116	5280	274	1400
126	5330	324	29
126	5330	324	317
126	5330	324	109
126	5330	324	63
126	5330	324	493
126	5330	324	2146
126	5330	324	1874
126	5330	324	50
126	5330	324	143
126	5330	324	1791
126	5330	324	45
126	5330	324	2020
126	5330	324	154
126	5330	324	1614
126	5330	324	2221
126	5330	324	2078
126	5330	324	21
126	5330	324	637
126	5330	324	2449
126	5330	324	661
126	5330	324	398
126	5330	324	592
126	5330	324	1429
126	5330	324	552
126	5330	324	2389
126	5330	324	1463
126	5330	324	1528
126	5330	324	348
126	5330	324	282
126	5330	324	2061
126	5330	324	1462
126	5330	324	1349
126	5330	324	1177
126	5330	324	1203
126	5330	324	1896
126	5330	324	2392
126	5330	324	2464
126	5330	324	359
126	5330	324	1895
126	5330	324	1363
126	5330	324	2473
126	5330	324	1794
126	5330	324	2205
126	5330	324	1231
126	5330	324	1654
126	5330	324	1690
126	5330	324	1265
126	5330	324	2138
126	5330	324	2125
126	5330	324	1944
126	5330	324	1388
126	5330	324	10
126	5330	324	1204
126	5330	324	627
126	5330	324	1988
126	5330	324	2347
126	5330	324	497
67	5080	24	47
67	5080	24	1868
67	5080	24	936
67	5080	24	44
67	5080	24	99
67	5080	24	412
67	5080	24	433
67	5080	24	36
67	5080	24	187
67	5080	24	411
67	5080	24	1069
67	5080	24	1026
67	5080	24	1350
115	5280	224	18
115	5280	224	51
115	5280	224	1631
115	5280	224	45
115	5280	224	2287
115	5280	224	1400
115	5280	224	571
115	5280	224	130
115	5280	224	63
115	5280	224	2280
115	5280	224	2284
115	5280	224	2045
115	5280	224	2196
115	5280	224	66
115	5280	224	430
115	5280	224	950
134	5380	324	21
134	5380	324	2392
134	5380	324	770
134	5380	324	1661
134	5380	324	2247
134	5380	324	1265
134	5380	324	956
134	5380	324	627
134	5380	324	63
134	5380	324	289
134	5380	324	1150
134	5380	324	497
134	5380	324	1835
134	5380	324	784
134	5380	324	1569
134	5380	324	1936
134	5380	324	1553
134	5380	324	1899
134	5380	324	1034
134	5380	324	1401
134	5380	324	48
134	5380	324	222
134	5380	324	1972
88	5130	74	248
88	5130	74	182
88	5130	74	44
88	5130	74	403
88	5130	74	734
88	5130	74	866
88	5130	74	1164
88	5130	74	1441
88	5130	74	2253
88	5130	74	815
88	5130	74	1184
88	5130	74	13
88	5130	74	258
88	5130	74	1559
88	5130	74	537
88	5130	74	1533
88	5130	74	47
88	5130	74	1049
88	5130	74	37
92	5180	124	20
92	5180	124	2269
92	5180	124	1580
92	5180	124	182
92	5180	124	296
92	5180	124	1313
92	5180	124	5
92	5180	124	2077
92	5180	124	1370
92	5180	124	1983
92	5180	124	706
92	5180	124	1738
92	5180	124	861
92	5180	124	1467
92	5180	124	241
92	5180	124	1263
92	5180	124	685
92	5180	124	587
92	5180	124	2416
92	5180	124	99
92	5180	124	44
92	5180	124	228
92	5180	124	18
92	5180	124	35
92	5180	124	195
92	5180	124	262
92	5180	124	103
92	5180	124	2214
92	5180	124	1444
92	5180	124	2002
92	5180	124	372
104	5230	174	231
104	5230	174	18
104	5230	174	5
104	5230	174	2117
104	5230	174	2286
104	5230	174	1275
104	5230	174	717
104	5230	174	130
104	5230	174	349
104	5230	174	1141
104	5230	174	66
104	5230	174	1341
125	5330	274	45
125	5330	274	1349
125	5330	274	63
125	5330	274	10
125	5330	274	1862
125	5330	274	490
125	5330	274	2167
125	5330	274	1818
125	5330	274	1715
125	5330	274	346
125	5330	274	1916
125	5330	274	21
125	5330	274	2347
125	5330	274	2358
125	5330	274	2188
125	5330	274	752
125	5330	274	641
125	5330	274	1351
125	5330	274	596
125	5330	274	571
79	5130	24	44
79	5130	24	258
79	5130	24	433
79	5130	24	47
79	5130	24	1049
79	5130	24	37
79	5130	24	1350
79	5130	24	933
79	5130	24	1387
79	5130	24	1906
79	5130	24	903
79	5130	24	2447
100	5180	74	44
100	5180	74	182
100	5180	74	13
100	5180	74	1292
100	5180	74	262
100	5180	74	296
100	5180	74	37
100	5180	74	228
100	5180	74	2214
100	5180	74	47
100	5180	74	1828
100	5180	74	344
100	5180	74	1073
100	5180	74	372
100	5180	74	103
100	5180	74	2153
100	5180	74	1188
100	5180	74	243
100	5180	74	827
100	5180	74	695
100	5180	74	173
100	5180	74	694
100	5180	74	347
100	5180	74	2103
100	5180	74	1229
100	5180	74	149
103	5230	124	18
103	5230	124	5
103	5230	124	195
103	5230	124	99
103	5230	124	235
103	5230	124	410
103	5230	124	228
103	5230	124	870
103	5230	124	1057
103	5230	124	103
103	5230	124	2022
103	5230	124	1341
103	5230	124	2457
103	5230	124	557
103	5230	124	993
103	5230	124	102
103	5230	124	1444
103	5230	124	1840
103	5230	124	2261
103	5230	124	1928
103	5230	124	349
103	5230	124	1655
103	5230	124	701
103	5230	124	147
103	5230	124	719
103	5230	124	2232
103	5230	124	2330
103	5230	124	1530
103	5230	124	2112
103	5230	124	1753
103	5230	124	134
103	5230	124	882
103	5230	124	859
103	5230	124	2289
103	5230	124	137
103	5230	124	34
114	5280	174	130
114	5280	174	1141
114	5280	174	2196
114	5280	174	66
114	5280	174	5
114	5280	174	51
114	5280	174	748
114	5280	174	588
114	5280	174	349
114	5280	174	1478
114	5280	174	430
114	5280	174	622
114	5280	174	1734
114	5280	174	1070
114	5280	174	2375
114	5280	174	704
124	5330	224	45
124	5330	224	63
124	5330	224	346
124	5330	224	571
124	5330	224	51
124	5330	224	2481
124	5330	224	596
124	5330	224	21
124	5330	224	1975
124	5330	224	950
124	5330	224	430
124	5330	224	675
133	5380	274	21
133	5380	274	497
133	5380	274	63
133	5380	274	1401
133	5380	274	1392
133	5380	274	48
133	5380	274	222
133	5380	274	93
133	5380	274	80
133	5380	274	1663
133	5380	274	2302
133	5380	274	2231
133	5380	274	1196
133	5380	274	571
133	5380	274	1972
133	5380	274	1334
133	5380	274	122
133	5380	274	442
133	5380	274	813
133	5380	274	1674
133	5380	274	400
133	5380	274	1498
133	5380	274	1044
133	5380	274	51
133	5380	274	432
133	5380	274	152
91	5180	24	37
91	5180	24	1894
91	5180	24	695
91	5180	24	1387
91	5180	24	694
91	5180	24	326
91	5180	24	903
91	5180	24	1229
91	5180	24	347
91	5180	24	149
91	5180	24	1906
91	5180	24	2459
91	5180	24	1192
91	5180	24	2066
113	5280	124	349
113	5280	124	5
113	5280	124	235
113	5280	124	719
113	5280	124	1734
113	5280	124	588
113	5280	124	2375
113	5280	124	1443
113	5280	124	2062
113	5280	124	622
113	5280	124	134
113	5280	124	785
113	5280	124	1914
113	5280	124	704
113	5280	124	132
113	5280	124	34
113	5280	124	481
113	5280	124	300
113	5280	124	1245
113	5280	124	1864
113	5280	124	137
113	5280	124	892
113	5280	124	2074
113	5280	124	85
113	5280	124	2090
132	5380	224	571
132	5380	224	21
132	5380	224	122
132	5380	224	1674
132	5380	224	400
132	5380	224	1498
132	5380	224	812
132	5380	224	51
132	5380	224	80
132	5380	224	733
132	5380	224	2313
132	5380	224	152
132	5380	224	675
132	5380	224	848
132	5380	224	1865
132	5380	224	849
132	5380	224	986
132	5380	224	900
132	5380	224	930
132	5380	224	1187
132	5380	224	471
132	5380	224	464
132	5380	224	731
111	5230	74	103
111	5230	74	147
111	5230	74	372
111	5230	74	827
111	5230	74	37
111	5230	74	1314
111	5230	74	1530
111	5230	74	819
111	5230	74	5
111	5230	74	13
111	5230	74	1140
111	5230	74	2103
111	5230	74	137
111	5230	74	2254
111	5230	74	718
111	5230	74	2289
111	5230	74	1098
111	5230	74	1228
111	5230	74	34
111	5230	74	1511
111	5230	74	1846
111	5230	74	898
111	5230	74	1638
111	5230	74	989
111	5230	74	2282
111	5230	74	149
111	5230	74	1851
111	5230	74	197
111	5230	74	2395
111	5230	74	1849
111	5230	74	456
111	5230	74	371
111	5230	74	85
111	5230	74	1062
111	5230	74	810
111	5230	74	483
123	5330	174	51
123	5330	174	430
123	5330	174	1070
123	5330	174	455
123	5330	174	571
123	5330	174	588
123	5330	174	704
123	5330	174	675
123	5330	174	132
123	5330	174	1142
123	5330	174	475
140	5430	274	1972
140	5430	274	21
140	5430	274	1663
140	5430	274	432
140	5430	274	1628
140	5430	274	310
140	5430	274	51
140	5430	274	152
140	5430	274	2301
102	5230	24	37
102	5230	24	149
102	5230	24	1846
102	5230	24	1092
102	5230	24	326
102	5230	24	2186
102	5230	24	810
102	5230	24	2066
102	5230	24	85
102	5230	24	611
102	5230	24	483
102	5230	24	1475
102	5230	24	1653
102	5230	24	2422
102	5230	24	517
102	5230	24	202
120	5280	74	34
120	5280	74	5
120	5280	74	137
120	5280	74	989
120	5280	74	197
120	5280	74	1557
120	5280	74	889
120	5280	74	1526
120	5280	74	1062
120	5280	74	1588
120	5280	74	1999
120	5280	74	360
120	5280	74	892
120	5280	74	483
120	5280	74	2074
120	5280	74	2090
120	5280	74	85
120	5280	74	972
120	5280	74	1757
122	5330	124	132
122	5330	124	704
122	5330	124	300
122	5330	124	588
122	5330	124	475
122	5330	124	1142
122	5330	124	546
122	5330	124	85
122	5330	124	2090
122	5330	124	485
122	5330	124	172
122	5330	124	51
122	5330	124	667
122	5330	124	1121
122	5330	124	210
131	5380	174	51
131	5380	174	733
131	5380	174	930
131	5380	174	430
131	5380	174	1142
131	5380	174	643
131	5380	174	254
131	5380	174	1519
131	5380	174	1969
131	5380	174	132
131	5380	174	1251
131	5380	174	1856
131	5380	174	399
131	5380	174	1647
139	5430	224	51
139	5430	224	432
139	5430	224	733
139	5430	224	21
139	5430	224	310
139	5430	224	1173
139	5430	224	180
139	5430	224	464
139	5430	224	1210
139	5430	224	686
139	5430	224	184
139	5430	224	731
139	5430	224	1594
139	5430	224	399
139	5430	224	1814
139	5430	224	2385
139	5430	224	1755
139	5430	224	506
139	5430	224	402
139	5430	224	200
112	5280	24	483
112	5280	24	85
112	5280	24	137
112	5280	24	712
112	5280	24	517
112	5280	24	1842
112	5280	24	551
112	5280	24	5
112	5280	24	526
112	5280	24	492
112	5280	24	1422
112	5280	24	1760
112	5280	24	1464
130	5380	124	1142
130	5380	124	132
130	5380	124	51
130	5380	124	485
130	5380	124	1055
130	5380	124	1943
130	5380	124	894
130	5380	124	100
130	5380	124	108
130	5380	124	300
130	5380	124	210
130	5380	124	162
130	5380	124	646
130	5380	124	606
130	5380	124	1710
130	5380	124	30
130	5380	124	397
145	5480	224	21
145	5480	224	184
145	5480	224	1594
145	5480	224	1814
145	5480	224	733
145	5480	224	762
145	5480	224	402
145	5480	224	2227
145	5480	224	200
145	5480	224	2185
145	5480	224	586
145	5480	224	465
145	5480	224	730
145	5480	224	324
145	5480	224	1561
145	5480	224	984
145	5480	224	144
145	5480	224	584
145	5480	224	997
145	5480	224	111
145	5480	224	2252
128	5330	74	85
128	5330	74	5
128	5330	74	300
128	5330	74	227
128	5330	74	210
128	5330	74	624
128	5330	74	480
128	5330	74	362
128	5330	74	385
138	5430	174	733
138	5430	174	399
138	5430	174	51
138	5430	174	214
138	5430	174	506
138	5430	174	2345
138	5430	174	929
138	5430	174	65
138	5430	174	1002
138	5430	174	200
138	5430	174	985
138	5430	174	380
138	5430	174	1163
138	5430	174	311
138	5430	174	1713
138	5430	174	1950
138	5430	174	1970
138	5430	174	1009
138	5430	174	1712
138	5430	174	3
138	5430	174	2019
138	5430	174	2298
138	5430	174	2017
138	5430	174	357
138	5430	174	283
138	5430	174	1930
138	5430	174	482
138	5430	174	386
121	5330	24	85
121	5330	24	5
121	5330	24	640
121	5330	24	210
121	5330	24	385
121	5330	24	2346
121	5330	24	1859
121	5330	24	1332
121	5330	24	1576
135	5380	74	300
135	5380	74	210
135	5380	74	132
135	5380	74	1053
135	5380	74	100
135	5380	74	362
135	5380	74	460
135	5380	74	2352
135	5380	74	646
135	5380	74	385
135	5380	74	1139
135	5380	74	108
135	5380	74	1618
135	5380	74	505
135	5380	74	30
135	5380	74	2128
135	5380	74	2367
135	5380	74	527
135	5380	74	638
135	5380	74	2351
135	5380	74	192
135	5380	74	965
135	5380	74	1892
135	5380	74	1762
135	5380	74	2339
135	5380	74	397
135	5380	74	298
135	5380	74	951
135	5380	74	683
135	5380	74	2341
135	5380	74	1170
135	5380	74	62
135	5380	74	198
135	5380	74	1322
135	5380	74	1453
135	5380	74	85
135	5380	74	2387
137	5430	124	51
137	5430	124	162
137	5430	124	65
137	5430	124	1950
137	5430	124	1009
137	5430	124	132
137	5430	124	108
137	5430	124	894
137	5430	124	2017
137	5430	124	2265
137	5430	124	283
137	5430	124	3
137	5430	124	528
137	5430	124	1456
137	5430	124	393
137	5430	124	1258
137	5430	124	397
137	5430	124	357
137	5430	124	482
137	5430	124	323
137	5430	124	386
137	5430	124	267
137	5430	124	85
137	5430	124	2133
137	5430	124	650
137	5430	124	92
137	5430	124	2051
137	5430	124	1319
137	5430	124	1269
137	5430	124	466
144	5480	174	733
144	5480	174	200
144	5480	174	929
144	5480	174	319
144	5480	174	1163
144	5480	174	1716
144	5480	174	1561
144	5480	174	3
144	5480	174	144
144	5480	174	697
144	5480	174	584
144	5480	174	324
144	5480	174	111
144	5480	174	555
144	5480	174	386
144	5480	174	1280
144	5480	174	897
144	5480	174	1271
144	5480	174	453
144	5480	174	105
144	5480	174	2252
144	5480	174	1558
144	5480	174	2262
144	5480	174	263
144	5480	174	448
144	5480	174	85
144	5480	174	395
144	5480	174	1233
144	5480	174	1130
144	5480	174	429
144	5480	174	1792
144	5480	174	895
144	5480	174	2463
144	5480	174	2263
144	5480	174	336
144	5480	174	782
129	5380	24	385
129	5380	24	210
129	5380	24	638
129	5380	24	85
129	5380	24	683
129	5380	24	1643
129	5380	24	1170
129	5380	24	177
129	5380	24	1054
129	5380	24	192
129	5380	24	564
129	5380	24	1322
129	5380	24	198
129	5380	24	1332
129	5380	24	1517
129	5380	24	469
129	5380	24	816
129	5380	24	2434
129	5380	24	224
143	5480	124	386
143	5480	124	3
143	5480	124	267
143	5480	124	1795
143	5480	124	105
143	5480	124	448
143	5480	124	92
143	5480	124	1806
143	5480	124	108
143	5480	124	85
143	5480	124	2263
143	5480	124	2437
143	5480	124	1834
143	5480	124	1563
143	5480	124	1564
143	5480	124	782
143	5480	124	1659
143	5480	124	2157
143	5480	124	1664
143	5480	124	1853
143	5480	124	336
143	5480	124	1737
143	5480	124	208
143	5480	124	466
143	5480	124	1410
143	5480	124	1174
143	5480	124	1515
143	5480	124	325
143	5480	124	967
143	5480	124	1909
141	5430	74	397
141	5430	74	108
141	5430	74	298
141	5430	74	85
141	5430	74	192
141	5430	74	198
141	5430	74	2165
141	5430	74	1692
141	5430	74	1319
141	5430	74	1269
141	5430	74	89
141	5430	74	2388
141	5430	74	1194
141	5430	74	385
141	5430	74	2387
141	5430	74	1360
141	5430	74	963
141	5430	74	466
141	5430	74	994
141	5430	74	325
141	5430	74	1035
141	5430	74	1331
149	5530	174	584
149	5530	174	2357
149	5530	174	85
149	5530	174	395
149	5530	174	781
149	5530	174	105
149	5530	174	1087
149	5530	174	830
149	5530	174	2081
149	5530	174	336
149	5530	174	181
149	5530	174	1877
149	5530	174	679
149	5530	174	208
149	5530	174	2327
149	5530	174	525
136	5430	24	385
136	5430	24	963
136	5430	24	325
136	5430	24	469
136	5430	24	1035
136	5430	24	1331
136	5430	24	1003
136	5430	24	445
136	5430	24	224
136	5430	24	85
136	5430	24	1259
136	5430	24	700
136	5430	24	2071
136	5430	24	691
136	5430	24	1006
136	5430	24	52
146	5480	74	466
146	5480	74	85
146	5480	74	1515
146	5480	74	1785
146	5480	74	511
146	5480	74	325
146	5480	74	1213
146	5480	74	1035
146	5480	74	856
146	5480	74	436
146	5480	74	446
146	5480	74	450
146	5480	74	52
148	5530	124	208
148	5530	124	85
148	5530	124	1711
148	5530	124	1843
148	5530	124	967
148	5530	124	674
148	5530	124	2334
148	5530	124	325
148	5530	124	801
148	5530	124	354
148	5530	124	563
142	5480	24	1035
142	5480	24	325
142	5480	24	691
142	5480	24	450
142	5480	24	1512
142	5480	24	52
142	5480	24	85
142	5480	24	209
152	5580	124	85
152	5580	124	801
152	5580	124	208
152	5580	124	800
152	5580	124	563
152	5580	124	1459
150	5530	74	85
150	5530	74	325
150	5530	74	446
150	5530	74	354
150	5530	74	563
150	5530	74	46
150	5530	74	1403
150	5530	74	1154
150	5530	74	52
150	5530	74	1207
150	5530	74	183
150	5530	74	1490
150	5530	74	1459
150	5530	74	1097
150	5530	74	696
147	5530	24	52
147	5530	24	85
147	5530	24	450
147	5530	24	1097
147	5530	24	696
147	5530	24	1514
147	5530	24	1595
147	5530	24	1459
147	5530	24	1011
147	5530	24	905
153	5580	74	85
153	5580	74	563
153	5580	74	46
153	5580	74	1459
153	5580	74	183
153	5580	74	52
153	5580	74	2267
153	5580	74	1097
153	5580	74	696
151	5580	24	696
151	5580	24	1097
151	5580	24	1459
151	5580	24	52
151	5580	24	905
151	5580	24	491
151	5580	24	1699
151	5580	24	2293
151	5580	24	312
151	5580	24	2300
155	5630	74	1459
155	5630	74	52
155	5630	74	425
154	5630	24	52
154	5630	24	425
154	5630	24	1699
154	5630	24	312
154	5630	24	1171
154	5630	24	166
154	5630	24	1131
154	5630	24	286
156	5680	24	52
156	5680	24	286
