group	fill	clickSelects
1	#FFFFFF	44
2	#FFFFFF	44
3	#FFFFFF	44
4	#FFFFFF	1138
5	#FFFFFF	44
6	#FFFFFF	44
7	#FFFFFF	44
8	#FFFFFF	28
9	#FFFFFF	28
10	#FFFFFF	28
11	#FFFFFF	28
12	#FFFFFF	28
13	#FFFFFF	28
14	#FFFFFF	116
15	#FFFFFF	28
16	#FFFFFF	28
17	#FFFFFF	1959
18	#FFFFFF	1959
19	#FFFFFF	1959
20	#FFFFFF	1959
21	#FFFFFF	599
22	#FFFFFF	599
23	#FFFFFF	599
24	#FFFFFF	599
25	#FFFFFF	44
26	#FFFFFF	599
27	#FFFFFF	599
28	#FFFFFF	599
29	#FFFFFF	28
30	#FFFFFF	28
31	#FFFFFF	28
32	#FFFFFF	28
33	#FFFFFF	28
34	#FFFFFF	28
35	#FFFFFF	28
37	#FFFFFF	191
38	#FFFFFF	191
39	#FFFFFF	28
40	#FFFFFF	191
41	#FFFFFF	28
42	#FFFFFF	191
43	#FFFFFF	191
44	#FFFFFF	28
45	#FFFFFF	28
46	#FFFFFF	1138
47	#FFFFFF	1138
48	#FFFFFF	1138
49	#FFFFFF	1138
50	#FFFFFF	44
52	#FFFFFF	44
53	#FFFFFF	116
54	#FFFFFF	44
55	#FFFFFF	44
56	#FFFFFF	1913
57	#FFFFFF	44
58	#FFFFFF	28
59	#FFFFFF	28
60	#FFFFFF	28
61	#FFFFFF	28
62	#FFFFFF	28
63	#FFFFFF	28
64	#FFFFFF	116
65	#FFFFFF	28
66	#FFFFFF	28
67	#FFFFFF	1959
68	#FFFFFF	1959
69	#FFFFFF	1959
70	#FFFFFF	1959
71	#FFFFFF	28
72	#FFFFFF	599
73	#FFFFFF	599
74	#FFFFFF	599
75	#FFFFFF	44
76	#FFFFFF	599
77	#FFFFFF	599
78	#FFFFFF	599
79	#FFFFFF	28
80	#FFFFFF	28
81	#FFFFFF	28
83	#FFFFFF	28
84	#FFFFFF	28
85	#FFFFFF	28
87	#FFFFFF	28
88	#FFFFFF	191
89	#FFFFFF	191
90	#FFFFFF	28
91	#FFFFFF	28
92	#FFFFFF	28
93	#FFFFFF	191
94	#FFFFFF	28
95	#FFFFFF	28
97	#FFFFFF	44
98	#FFFFFF	1001
99	#FFFFFF	1138
100	#FFFFFF	1138
101	#FFFFFF	1138
102	#FFFFFF	44
103	#FFFFFF	116
105	#FFFFFF	44
106	#FFFFFF	1913
107	#FFFFFF	1913
108	#FFFFFF	44
109	#FFFFFF	28
110	#FFFFFF	28
111	#FFFFFF	28
112	#FFFFFF	28
113	#FFFFFF	28
114	#FFFFFF	28
115	#FFFFFF	116
116	#FFFFFF	28
117	#FFFFFF	28
118	#FFFFFF	1959
119	#FFFFFF	1959
120	#FFFFFF	28
121	#FFFFFF	28
122	#FFFFFF	28
123	#FFFFFF	599
124	#FFFFFF	599
125	#FFFFFF	599
126	#FFFFFF	44
127	#FFFFFF	28
128	#FFFFFF	28
129	#FFFFFF	28
130	#FFFFFF	28
131	#FFFFFF	28
132	#FFFFFF	28
133	#FFFFFF	28
134	#FFFFFF	28
135	#FFFFFF	28
136	#FFFFFF	28
137	#FFFFFF	116
138	#FFFFFF	28
139	#FFFFFF	191
140	#FFFFFF	191
141	#FFFFFF	28
142	#FFFFFF	28
143	#FFFFFF	28
144	#FFFFFF	191
145	#FFFFFF	28
146	#FFFFFF	28
147	#FFFFFF	116
148	#FFFFFF	1001
149	#FFFFFF	44
150	#FFFFFF	1138
153	#FFFFFF	44
154	#FFFFFF	44
155	#FFFFFF	553
156	#FFFFFF	28
157	#FFFFFF	28
158	#FFFFFF	28
159	#FFFFFF	28
160	#FFFFFF	28
161	#FFFFFF	28
162	#FFFFFF	28
163	#FFFFFF	28
164	#FFFFFF	28
165	#FFFFFF	44
166	#FFFFFF	28
167	#FFFFFF	28
168	#FFFFFF	28
169	#FFFFFF	28
170	#FFFFFF	28
171	#FFFFFF	28
172	#FFFFFF	28
173	#FFFFFF	28
174	#FFFFFF	28
175	#FFFFFF	28
176	#FFFFFF	44
177	#FFFFFF	28
178	#FFFFFF	532
179	#FFFFFF	532
180	#FFFFFF	532
181	#FFFFFF	378
182	#FFFFFF	378
183	#FFFFFF	378
184	#FFFFFF	378
185	#FFFFFF	378
186	#FFFFFF	378
187	#FFFFFF	44
188	#FFFFFF	378
189	#FFFFFF	378
190	#FFFFFF	653
192	#FFFFFF	378
194	#FFFFFF	28
195	#FFFFFF	28
196	#FFFFFF	28
198	#FFFFFF	44
199	#FFFFFF	44
200	#FFFFFF	553
201	#FFFFFF	553
202	#FFFFFF	553
203	#FFFFFF	44
204	#FFFFFF	44
205	#FFFFFF	44
206	#FFFFFF	553
207	#FFFFFF	28
208	#FFFFFF	28
209	#FFFFFF	28
210	#FFFFFF	28
211	#FFFFFF	28
212	#FFFFFF	28
213	#FFFFFF	28
214	#FFFFFF	28
215	#FFFFFF	28
216	#FFFFFF	44
217	#FFFFFF	28
218	#FFFFFF	28
219	#FFFFFF	28
220	#FFFFFF	28
221	#FFFFFF	28
222	#FFFFFF	28
223	#FFFFFF	28
224	#FFFFFF	28
225	#FFFFFF	28
226	#FFFFFF	28
228	#FFFFFF	28
229	#FFFFFF	532
230	#FFFFFF	532
231	#FFFFFF	532
232	#FFFFFF	378
233	#FFFFFF	532
234	#FFFFFF	378
235	#FFFFFF	532
236	#FFFFFF	378
239	#FFFFFF	378
240	#FFFFFF	378
241	#FFFFFF	378
242	#FFFFFF	653
243	#FFFFFF	378
245	#FFFFFF	28
246	#FFFFFF	28
247	#FFFFFF	28
249	#FFFFFF	553
250	#FFFFFF	553
251	#FFFFFF	553
252	#FFFFFF	553
254	#FFFFFF	44
255	#FFFFFF	44
256	#FFFFFF	553
257	#FFFFFF	28
258	#FFFFFF	28
259	#FFFFFF	28
260	#FFFFFF	28
261	#FFFFFF	28
262	#FFFFFF	28
263	#FFFFFF	28
264	#FFFFFF	28
265	#FFFFFF	28
266	#FFFFFF	44
267	#FFFFFF	28
268	#FFFFFF	28
269	#FFFFFF	28
270	#FFFFFF	28
271	#FFFFFF	28
272	#FFFFFF	28
273	#FFFFFF	28
274	#FFFFFF	28
275	#FFFFFF	28
276	#FFFFFF	28
278	#FFFFFF	28
279	#FFFFFF	532
280	#FFFFFF	532
281	#FFFFFF	532
282	#FFFFFF	378
283	#FFFFFF	378
284	#FFFFFF	532
285	#FFFFFF	532
286	#FFFFFF	378
288	#FFFFFF	44
289	#FFFFFF	378
290	#FFFFFF	378
291	#FFFFFF	378
292	#FFFFFF	378
293	#FFFFFF	653
294	#FFFFFF	378
295	#FFFFFF	653
296	#FFFFFF	28
297	#FFFFFF	28
299	#FFFFFF	44
300	#FFFFFF	553
301	#FFFFFF	553
302	#FFFFFF	553
303	#FFFFFF	553
305	#FFFFFF	44
306	#FFFFFF	44
307	#FFFFFF	553
308	#FFFFFF	28
309	#FFFFFF	28
310	#FFFFFF	28
311	#FFFFFF	28
312	#FFFFFF	28
313	#FFFFFF	28
314	#FFFFFF	28
315	#FFFFFF	28
316	#FFFFFF	28
317	#FFFFFF	44
318	#FFFFFF	28
319	#FFFFFF	28
320	#FFFFFF	28
321	#FFFFFF	28
322	#FFFFFF	28
323	#FFFFFF	28
324	#FFFFFF	28
325	#FFFFFF	28
326	#FFFFFF	28
327	#FFFFFF	28
328	#FFFFFF	44
329	#FFFFFF	532
330	#FFFFFF	532
331	#FFFFFF	532
332	#FFFFFF	532
333	#FFFFFF	532
334	#FFFFFF	532
335	#FFFFFF	532
336	#FFFFFF	378
337	#FFFFFF	378
338	#FFFFFF	378
339	#FFFFFF	44
340	#FFFFFF	378
341	#FFFFFF	653
342	#FFFFFF	653
344	#FFFFFF	378
345	#FFFFFF	653
346	#FFFFFF	653
347	#FFFFFF	28
348	#FFFFFF	28
349	#FFFFFF	44
350	#FFFFFF	553
351	#FFFFFF	553
352	#FFFFFF	553
353	#FFFFFF	553
356	#FFFFFF	44
357	#FFFFFF	553
358	#FFFFFF	553
359	#FFFFFF	28
360	#FFFFFF	28
361	#FFFFFF	28
362	#FFFFFF	28
363	#FFFFFF	28
364	#FFFFFF	28
365	#FFFFFF	28
366	#FFFFFF	28
367	#FFFFFF	44
368	#FFFFFF	28
369	#FFFFFF	28
370	#FFFFFF	28
371	#FFFFFF	28
372	#FFFFFF	28
373	#FFFFFF	28
374	#FFFFFF	28
375	#FFFFFF	28
376	#FFFFFF	28
377	#FFFFFF	28
378	#FFFFFF	44
379	#FFFFFF	28
380	#FFFFFF	28
381	#FFFFFF	532
382	#FFFFFF	532
383	#FFFFFF	532
384	#FFFFFF	532
385	#FFFFFF	917
386	#FFFFFF	532
387	#FFFFFF	378
388	#FFFFFF	378
389	#FFFFFF	44
390	#FFFFFF	378
391	#FFFFFF	378
392	#FFFFFF	653
393	#FFFFFF	653
395	#FFFFFF	653
396	#FFFFFF	653
397	#FFFFFF	28
398	#FFFFFF	28
400	#FFFFFF	44
401	#FFFFFF	553
402	#FFFFFF	553
403	#FFFFFF	553
404	#FFFFFF	553
407	#FFFFFF	44
408	#FFFFFF	553
409	#FFFFFF	28
410	#FFFFFF	28
411	#FFFFFF	28
412	#FFFFFF	28
413	#FFFFFF	28
414	#FFFFFF	28
415	#FFFFFF	28
416	#FFFFFF	28
417	#FFFFFF	28
418	#FFFFFF	44
419	#FFFFFF	28
420	#FFFFFF	28
421	#FFFFFF	28
422	#FFFFFF	28
423	#FFFFFF	28
424	#FFFFFF	28
425	#FFFFFF	28
426	#FFFFFF	28
427	#FFFFFF	28
428	#FFFFFF	28
429	#FFFFFF	44
430	#FFFFFF	28
431	#FFFFFF	28
432	#FFFFFF	532
433	#FFFFFF	532
434	#FFFFFF	532
435	#FFFFFF	917
436	#FFFFFF	532
437	#FFFFFF	532
438	#FFFFFF	378
439	#FFFFFF	378
440	#FFFFFF	44
441	#FFFFFF	378
442	#FFFFFF	653
443	#FFFFFF	653
444	#FFFFFF	378
446	#FFFFFF	378
447	#FFFFFF	28
449	#FFFFFF	28
450	#FFFFFF	44
451	#FFFFFF	44
452	#FFFFFF	553
453	#FFFFFF	553
454	#FFFFFF	553
458	#FFFFFF	553
459	#FFFFFF	28
460	#FFFFFF	28
461	#FFFFFF	28
462	#FFFFFF	28
463	#FFFFFF	28
464	#FFFFFF	28
465	#FFFFFF	28
466	#FFFFFF	28
467	#FFFFFF	28
468	#FFFFFF	44
469	#FFFFFF	28
470	#FFFFFF	28
471	#FFFFFF	28
472	#FFFFFF	28
473	#FFFFFF	28
474	#FFFFFF	28
475	#FFFFFF	28
476	#FFFFFF	28
477	#FFFFFF	28
478	#FFFFFF	28
479	#FFFFFF	44
480	#FFFFFF	28
481	#FFFFFF	28
482	#FFFFFF	532
483	#FFFFFF	532
484	#FFFFFF	917
485	#FFFFFF	917
486	#FFFFFF	532
487	#FFFFFF	532
488	#FFFFFF	378
489	#FFFFFF	378
490	#FFFFFF	44
491	#FFFFFF	653
492	#FFFFFF	653
493	#FFFFFF	653
494	#FFFFFF	653
495	#FFFFFF	653
497	#FFFFFF	28
498	#FFFFFF	28
499	#FFFFFF	28
501	#FFFFFF	44
502	#FFFFFF	44
503	#FFFFFF	44
504	#FFFFFF	553
505	#FFFFFF	553
506	#FFFFFF	44
509	#FFFFFF	28
510	#FFFFFF	28
511	#FFFFFF	28
512	#FFFFFF	28
513	#FFFFFF	28
514	#FFFFFF	28
515	#FFFFFF	28
516	#FFFFFF	28
517	#FFFFFF	28
518	#FFFFFF	28
519	#FFFFFF	44
520	#FFFFFF	28
521	#FFFFFF	28
522	#FFFFFF	28
523	#FFFFFF	28
524	#FFFFFF	28
525	#FFFFFF	28
526	#FFFFFF	28
527	#FFFFFF	28
528	#FFFFFF	28
529	#FFFFFF	28
530	#FFFFFF	44
531	#FFFFFF	28
532	#FFFFFF	28
533	#FFFFFF	532
534	#FFFFFF	917
535	#FFFFFF	917
536	#FFFFFF	532
537	#FFFFFF	532
538	#FFFFFF	378
539	#FFFFFF	378
540	#FFFFFF	378
541	#FFFFFF	44
542	#FFFFFF	653
543	#FFFFFF	378
544	#FFFFFF	378
545	#FFFFFF	653
546	#FFFFFF	378
547	#FFFFFF	378
548	#FFFFFF	28
549	#FFFFFF	28
550	#FFFFFF	28
551	#FFFFFF	44
552	#FFFFFF	44
553	#FFFFFF	44
554	#FFFFFF	553
555	#FFFFFF	553
559	#FFFFFF	28
560	#FFFFFF	28
561	#FFFFFF	28
562	#FFFFFF	28
563	#FFFFFF	28
564	#FFFFFF	28
565	#FFFFFF	28
566	#FFFFFF	28
567	#FFFFFF	28
568	#FFFFFF	28
570	#FFFFFF	28
571	#FFFFFF	28
572	#FFFFFF	593
573	#FFFFFF	28
574	#FFFFFF	28
575	#FFFFFF	28
576	#FFFFFF	28
577	#FFFFFF	28
578	#FFFFFF	28
579	#FFFFFF	28
580	#FFFFFF	44
581	#FFFFFF	28
582	#FFFFFF	28
583	#FFFFFF	532
584	#FFFFFF	532
585	#FFFFFF	917
586	#FFFFFF	917
587	#FFFFFF	532
589	#FFFFFF	378
590	#FFFFFF	378
591	#FFFFFF	44
592	#FFFFFF	653
593	#FFFFFF	378
594	#FFFFFF	378
595	#FFFFFF	653
596	#FFFFFF	653
597	#FFFFFF	378
598	#FFFFFF	378
599	#FFFFFF	28
600	#FFFFFF	28
602	#FFFFFF	44
603	#FFFFFF	44
604	#FFFFFF	553
605	#FFFFFF	553
606	#FFFFFF	553
610	#FFFFFF	28
611	#FFFFFF	28
612	#FFFFFF	28
613	#FFFFFF	28
614	#FFFFFF	28
615	#FFFFFF	28
616	#FFFFFF	28
617	#FFFFFF	28
618	#FFFFFF	28
619	#FFFFFF	28
621	#FFFFFF	28
622	#FFFFFF	28
623	#FFFFFF	593
624	#FFFFFF	593
625	#FFFFFF	593
626	#FFFFFF	28
627	#FFFFFF	28
628	#FFFFFF	28
629	#FFFFFF	28
630	#FFFFFF	28
631	#FFFFFF	44
632	#FFFFFF	28
633	#FFFFFF	28
634	#FFFFFF	532
635	#FFFFFF	532
636	#FFFFFF	917
637	#FFFFFF	532
638	#FFFFFF	378
639	#FFFFFF	378
640	#FFFFFF	378
641	#FFFFFF	653
642	#FFFFFF	44
643	#FFFFFF	378
644	#FFFFFF	378
645	#FFFFFF	378
647	#FFFFFF	653
648	#FFFFFF	653
649	#FFFFFF	653
651	#FFFFFF	28
652	#FFFFFF	44
653	#FFFFFF	553
654	#FFFFFF	553
655	#FFFFFF	553
656	#FFFFFF	553
659	#FFFFFF	44
660	#FFFFFF	553
661	#FFFFFF	28
662	#FFFFFF	28
663	#FFFFFF	28
664	#FFFFFF	28
665	#FFFFFF	28
666	#FFFFFF	28
667	#FFFFFF	28
668	#FFFFFF	28
669	#FFFFFF	28
671	#FFFFFF	28
672	#FFFFFF	28
673	#FFFFFF	593
674	#FFFFFF	593
675	#FFFFFF	593
676	#FFFFFF	593
677	#FFFFFF	28
678	#FFFFFF	28
679	#FFFFFF	28
680	#FFFFFF	28
682	#FFFFFF	28
683	#FFFFFF	28
684	#FFFFFF	532
685	#FFFFFF	532
686	#FFFFFF	917
687	#FFFFFF	532
688	#FFFFFF	532
689	#FFFFFF	532
690	#FFFFFF	532
691	#FFFFFF	378
692	#FFFFFF	44
693	#FFFFFF	378
694	#FFFFFF	378
695	#FFFFFF	378
696	#FFFFFF	378
697	#FFFFFF	653
698	#FFFFFF	653
699	#FFFFFF	653
700	#FFFFFF	28
703	#FFFFFF	44
704	#FFFFFF	553
705	#FFFFFF	553
706	#FFFFFF	553
707	#FFFFFF	553
708	#FFFFFF	44
710	#FFFFFF	553
711	#FFFFFF	553
712	#FFFFFF	553
713	#FFFFFF	28
714	#FFFFFF	28
715	#FFFFFF	28
716	#FFFFFF	28
717	#FFFFFF	28
718	#FFFFFF	28
719	#FFFFFF	28
720	#FFFFFF	28
722	#FFFFFF	28
723	#FFFFFF	593
724	#FFFFFF	593
725	#FFFFFF	593
726	#FFFFFF	593
727	#FFFFFF	593
728	#FFFFFF	28
729	#FFFFFF	28
730	#FFFFFF	28
731	#FFFFFF	28
733	#FFFFFF	28
734	#FFFFFF	917
735	#FFFFFF	917
736	#FFFFFF	917
737	#FFFFFF	917
738	#FFFFFF	532
739	#FFFFFF	532
740	#FFFFFF	532
742	#FFFFFF	378
743	#FFFFFF	44
744	#FFFFFF	378
745	#FFFFFF	378
746	#FFFFFF	378
747	#FFFFFF	378
748	#FFFFFF	653
749	#FFFFFF	653
750	#FFFFFF	28
752	#FFFFFF	533
753	#FFFFFF	553
754	#FFFFFF	553
755	#FFFFFF	553
756	#FFFFFF	553
757	#FFFFFF	553
759	#FFFFFF	553
761	#FFFFFF	553
762	#FFFFFF	553
763	#FFFFFF	553
764	#FFFFFF	28
765	#FFFFFF	28
766	#FFFFFF	593
767	#FFFFFF	593
768	#FFFFFF	28
769	#FFFFFF	28
770	#FFFFFF	28
771	#FFFFFF	44
772	#FFFFFF	28
773	#FFFFFF	593
774	#FFFFFF	593
775	#FFFFFF	593
776	#FFFFFF	593
777	#FFFFFF	593
778	#FFFFFF	28
779	#FFFFFF	28
780	#FFFFFF	28
781	#FFFFFF	28
783	#FFFFFF	28
784	#FFFFFF	28
785	#FFFFFF	917
786	#FFFFFF	917
787	#FFFFFF	917
788	#FFFFFF	917
789	#FFFFFF	532
790	#FFFFFF	532
791	#FFFFFF	532
792	#FFFFFF	378
794	#FFFFFF	378
795	#FFFFFF	378
796	#FFFFFF	378
797	#FFFFFF	378
798	#FFFFFF	653
799	#FFFFFF	653
800	#FFFFFF	28
801	#FFFFFF	28
802	#FFFFFF	533
804	#FFFFFF	553
805	#FFFFFF	553
806	#FFFFFF	553
807	#FFFFFF	553
808	#FFFFFF	553
809	#FFFFFF	553
810	#FFFFFF	553
812	#FFFFFF	553
813	#FFFFFF	593
814	#FFFFFF	593
815	#FFFFFF	593
816	#FFFFFF	593
817	#FFFFFF	593
818	#FFFFFF	593
819	#FFFFFF	28
820	#FFFFFF	28
821	#FFFFFF	593
822	#FFFFFF	44
823	#FFFFFF	593
824	#FFFFFF	593
825	#FFFFFF	593
826	#FFFFFF	593
827	#FFFFFF	593
828	#FFFFFF	593
829	#FFFFFF	28
830	#FFFFFF	28
831	#FFFFFF	28
832	#FFFFFF	28
834	#FFFFFF	917
835	#FFFFFF	917
836	#FFFFFF	917
837	#FFFFFF	917
838	#FFFFFF	917
839	#FFFFFF	532
840	#FFFFFF	532
841	#FFFFFF	532
842	#FFFFFF	532
843	#FFFFFF	532
846	#FFFFFF	378
847	#FFFFFF	378
848	#FFFFFF	653
849	#FFFFFF	653
850	#FFFFFF	653
851	#FFFFFF	28
852	#FFFFFF	28
853	#FFFFFF	373
854	#FFFFFF	553
855	#FFFFFF	553
856	#FFFFFF	553
857	#FFFFFF	553
858	#FFFFFF	553
860	#FFFFFF	553
861	#FFFFFF	44
862	#FFFFFF	553
863	#FFFFFF	593
864	#FFFFFF	593
865	#FFFFFF	593
866	#FFFFFF	593
867	#FFFFFF	593
868	#FFFFFF	593
869	#FFFFFF	593
870	#FFFFFF	28
871	#FFFFFF	593
873	#FFFFFF	593
874	#FFFFFF	593
875	#FFFFFF	593
876	#FFFFFF	593
877	#FFFFFF	593
878	#FFFFFF	593
879	#FFFFFF	593
880	#FFFFFF	28
881	#FFFFFF	28
882	#FFFFFF	28
883	#FFFFFF	553
884	#FFFFFF	917
885	#FFFFFF	917
886	#FFFFFF	917
887	#FFFFFF	917
888	#FFFFFF	917
889	#FFFFFF	532
890	#FFFFFF	532
891	#FFFFFF	532
892	#FFFFFF	532
893	#FFFFFF	532
895	#FFFFFF	378
896	#FFFFFF	378
897	#FFFFFF	378
898	#FFFFFF	378
899	#FFFFFF	653
900	#FFFFFF	378
901	#FFFFFF	28
902	#FFFFFF	28
903	#FFFFFF	28
906	#FFFFFF	593
907	#FFFFFF	593
908	#FFFFFF	553
909	#FFFFFF	593
910	#FFFFFF	44
911	#FFFFFF	553
912	#FFFFFF	44
913	#FFFFFF	593
914	#FFFFFF	593
915	#FFFFFF	593
916	#FFFFFF	593
917	#FFFFFF	593
918	#FFFFFF	593
919	#FFFFFF	593
920	#FFFFFF	593
921	#FFFFFF	593
922	#FFFFFF	593
924	#FFFFFF	593
925	#FFFFFF	593
926	#FFFFFF	593
927	#FFFFFF	593
928	#FFFFFF	593
929	#FFFFFF	593
930	#FFFFFF	28
931	#FFFFFF	28
932	#FFFFFF	28
933	#FFFFFF	917
934	#FFFFFF	553
935	#FFFFFF	917
936	#FFFFFF	917
937	#FFFFFF	917
938	#FFFFFF	917
939	#FFFFFF	917
940	#FFFFFF	917
941	#FFFFFF	532
942	#FFFFFF	532
943	#FFFFFF	532
944	#FFFFFF	378
946	#FFFFFF	378
947	#FFFFFF	378
948	#FFFFFF	378
949	#FFFFFF	653
950	#FFFFFF	378
951	#FFFFFF	532
952	#FFFFFF	532
953	#FFFFFF	28
954	#FFFFFF	28
956	#FFFFFF	593
957	#FFFFFF	593
958	#FFFFFF	593
959	#FFFFFF	593
961	#FFFFFF	44
962	#FFFFFF	553
963	#FFFFFF	593
964	#FFFFFF	593
965	#FFFFFF	593
966	#FFFFFF	593
967	#FFFFFF	593
968	#FFFFFF	593
969	#FFFFFF	593
970	#FFFFFF	593
971	#FFFFFF	593
972	#FFFFFF	593
973	#FFFFFF	553
974	#FFFFFF	593
975	#FFFFFF	593
976	#FFFFFF	593
977	#FFFFFF	593
978	#FFFFFF	593
979	#FFFFFF	593
980	#FFFFFF	28
981	#FFFFFF	28
982	#FFFFFF	28
983	#FFFFFF	28
985	#FFFFFF	917
986	#FFFFFF	917
987	#FFFFFF	917
988	#FFFFFF	917
989	#FFFFFF	917
990	#FFFFFF	917
991	#FFFFFF	917
992	#FFFFFF	532
993	#FFFFFF	532
994	#FFFFFF	532
995	#FFFFFF	553
996	#FFFFFF	378
997	#FFFFFF	378
998	#FFFFFF	378
999	#FFFFFF	378
1000	#FFFFFF	378
1001	#FFFFFF	378
1002	#FFFFFF	532
1003	#FFFFFF	532
1004	#FFFFFF	28
1008	#FFFFFF	593
1009	#FFFFFF	593
1010	#FFFFFF	593
1011	#FFFFFF	44
1012	#FFFFFF	44
1013	#FFFFFF	553
1014	#FFFFFF	593
1015	#FFFFFF	593
1016	#FFFFFF	593
1017	#FFFFFF	593
1018	#FFFFFF	593
1019	#FFFFFF	593
1020	#FFFFFF	593
1021	#FFFFFF	979
1022	#FFFFFF	593
1023	#FFFFFF	593
1024	#FFFFFF	553
1025	#FFFFFF	593
1026	#FFFFFF	593
1027	#FFFFFF	593
1028	#FFFFFF	593
1029	#FFFFFF	28
1030	#FFFFFF	593
1031	#FFFFFF	28
1032	#FFFFFF	28
1033	#FFFFFF	28
1034	#FFFFFF	28
1036	#FFFFFF	917
1037	#FFFFFF	1133
1038	#FFFFFF	917
1039	#FFFFFF	917
1040	#FFFFFF	917
1041	#FFFFFF	917
1042	#FFFFFF	532
1043	#FFFFFF	917
1044	#FFFFFF	532
1045	#FFFFFF	532
1046	#FFFFFF	553
1047	#FFFFFF	378
1048	#FFFFFF	378
1049	#FFFFFF	378
1050	#FFFFFF	378
1051	#FFFFFF	378
1052	#FFFFFF	378
1053	#FFFFFF	532
1054	#FFFFFF	28
1055	#FFFFFF	28
1058	#FFFFFF	553
1059	#FFFFFF	593
1060	#FFFFFF	553
1062	#FFFFFF	553
1063	#FFFFFF	553
1064	#FFFFFF	553
1065	#FFFFFF	593
1066	#FFFFFF	593
1067	#FFFFFF	593
1068	#FFFFFF	593
1069	#FFFFFF	979
1070	#FFFFFF	979
1071	#FFFFFF	979
1072	#FFFFFF	593
1073	#FFFFFF	593
1074	#FFFFFF	553
1075	#FFFFFF	593
1076	#FFFFFF	593
1077	#FFFFFF	28
1078	#FFFFFF	28
1079	#FFFFFF	28
1080	#FFFFFF	28
1081	#FFFFFF	28
1082	#FFFFFF	28
1083	#FFFFFF	28
1084	#FFFFFF	28
1085	#FFFFFF	553
1086	#FFFFFF	28
1087	#FFFFFF	917
1088	#FFFFFF	1133
1089	#FFFFFF	1133
1090	#FFFFFF	917
1091	#FFFFFF	917
1092	#FFFFFF	917
1093	#FFFFFF	532
1094	#FFFFFF	917
1095	#FFFFFF	532
1097	#FFFFFF	532
1098	#FFFFFF	532
1099	#FFFFFF	378
1100	#FFFFFF	378
1101	#FFFFFF	378
1102	#FFFFFF	532
1103	#FFFFFF	532
1104	#FFFFFF	28
1105	#FFFFFF	28
1107	#FFFFFF	593
1110	#FFFFFF	553
1111	#FFFFFF	553
1112	#FFFFFF	44
1113	#FFFFFF	553
1114	#FFFFFF	553
1115	#FFFFFF	593
1116	#FFFFFF	593
1117	#FFFFFF	593
1118	#FFFFFF	979
1119	#FFFFFF	593
1120	#FFFFFF	979
1121	#FFFFFF	979
1122	#FFFFFF	979
1123	#FFFFFF	593
1124	#FFFFFF	593
1125	#FFFFFF	553
1126	#FFFFFF	593
1127	#FFFFFF	593
1128	#FFFFFF	28
1129	#FFFFFF	28
1130	#FFFFFF	28
1131	#FFFFFF	28
1132	#FFFFFF	28
1133	#FFFFFF	917
1134	#FFFFFF	28
1135	#FFFFFF	917
1136	#FFFFFF	553
1137	#FFFFFF	917
1138	#FFFFFF	1133
1139	#FFFFFF	1133
1140	#FFFFFF	917
1141	#FFFFFF	917
1142	#FFFFFF	917
1143	#FFFFFF	532
1144	#FFFFFF	917
1145	#FFFFFF	917
1146	#FFFFFF	532
1148	#FFFFFF	532
1149	#FFFFFF	378
1150	#FFFFFF	378
1151	#FFFFFF	378
1152	#FFFFFF	378
1153	#FFFFFF	532
1154	#FFFFFF	28
1155	#FFFFFF	28
1156	#FFFFFF	373
1157	#FFFFFF	553
1160	#FFFFFF	553
1161	#FFFFFF	553
1163	#FFFFFF	44
1164	#FFFFFF	116
1165	#FFFFFF	44
1166	#FFFFFF	1913
1167	#FFFFFF	28
1168	#FFFFFF	28
1169	#FFFFFF	28
1170	#FFFFFF	28
1171	#FFFFFF	28
1172	#FFFFFF	28
1173	#FFFFFF	28
1174	#FFFFFF	28
1175	#FFFFFF	116
1176	#FFFFFF	28
1177	#FFFFFF	28
1178	#FFFFFF	28
1179	#FFFFFF	1959
1180	#FFFFFF	1959
1181	#FFFFFF	28
1182	#FFFFFF	28
1183	#FFFFFF	599
1184	#FFFFFF	28
1185	#FFFFFF	28
1186	#FFFFFF	116
1187	#FFFFFF	28
1188	#FFFFFF	28
1189	#FFFFFF	28
1190	#FFFFFF	28
1191	#FFFFFF	28
1192	#FFFFFF	28
1193	#FFFFFF	28
1195	#FFFFFF	28
1196	#FFFFFF	28
1197	#FFFFFF	116
1198	#FFFFFF	28
1199	#FFFFFF	28
1200	#FFFFFF	28
1201	#FFFFFF	191
1202	#FFFFFF	28
1203	#FFFFFF	28
1204	#FFFFFF	191
1205	#FFFFFF	28
1206	#FFFFFF	28
1208	#FFFFFF	116
1209	#FFFFFF	1001
1210	#FFFFFF	1001
1211	#FFFFFF	44
1212	#FFFFFF	44
1214	#FFFFFF	116
1215	#FFFFFF	116
1216	#FFFFFF	1913
1217	#FFFFFF	553
1218	#FFFFFF	28
1219	#FFFFFF	28
1220	#FFFFFF	28
1221	#FFFFFF	28
1222	#FFFFFF	28
1223	#FFFFFF	28
1224	#FFFFFF	28
1225	#FFFFFF	28
1226	#FFFFFF	116
1227	#FFFFFF	28
1228	#FFFFFF	28
1229	#FFFFFF	1959
1230	#FFFFFF	1959
1231	#FFFFFF	1959
1232	#FFFFFF	28
1233	#FFFFFF	599
1234	#FFFFFF	599
1235	#FFFFFF	28
1236	#FFFFFF	28
1237	#FFFFFF	116
1238	#FFFFFF	28
1239	#FFFFFF	28
1240	#FFFFFF	28
1241	#FFFFFF	28
1242	#FFFFFF	28
1243	#FFFFFF	28
1244	#FFFFFF	28
1246	#FFFFFF	28
1247	#FFFFFF	28
1248	#FFFFFF	1001
1249	#FFFFFF	28
1250	#FFFFFF	28
1251	#FFFFFF	191
1252	#FFFFFF	28
1253	#FFFFFF	28
1254	#FFFFFF	28
1255	#FFFFFF	28
1256	#FFFFFF	28
1257	#FFFFFF	28
1258	#FFFFFF	116
1259	#FFFFFF	1001
1260	#FFFFFF	1001
1262	#FFFFFF	1913
1264	#FFFFFF	44
1265	#FFFFFF	553
1266	#FFFFFF	553
1267	#FFFFFF	979
1268	#FFFFFF	593
1269	#FFFFFF	593
1270	#FFFFFF	979
1271	#FFFFFF	593
1272	#FFFFFF	979
1273	#FFFFFF	979
1274	#FFFFFF	979
1276	#FFFFFF	44
1277	#FFFFFF	28
1278	#FFFFFF	593
1279	#FFFFFF	28
1280	#FFFFFF	28
1281	#FFFFFF	28
1282	#FFFFFF	28
1283	#FFFFFF	28
1286	#FFFFFF	917
1287	#FFFFFF	553
1288	#FFFFFF	917
1289	#FFFFFF	1133
1290	#FFFFFF	1133
1291	#FFFFFF	1133
1292	#FFFFFF	917
1293	#FFFFFF	917
1294	#FFFFFF	917
1295	#FFFFFF	532
1296	#FFFFFF	917
1297	#FFFFFF	532
1298	#FFFFFF	553
1299	#FFFFFF	532
1300	#FFFFFF	532
1301	#FFFFFF	378
1302	#FFFFFF	378
1303	#FFFFFF	378
1304	#FFFFFF	532
1305	#FFFFFF	28
1306	#FFFFFF	28
1307	#FFFFFF	28
1310	#FFFFFF	553
1313	#FFFFFF	553
1314	#FFFFFF	553
1315	#FFFFFF	44
1316	#FFFFFF	44
1317	#FFFFFF	44
1318	#FFFFFF	979
1319	#FFFFFF	979
1320	#FFFFFF	979
1321	#FFFFFF	979
1322	#FFFFFF	593
1323	#FFFFFF	979
1324	#FFFFFF	979
1325	#FFFFFF	979
1326	#FFFFFF	593
1327	#FFFFFF	44
1328	#FFFFFF	28
1329	#FFFFFF	593
1330	#FFFFFF	28
1331	#FFFFFF	28
1332	#FFFFFF	28
1333	#FFFFFF	28
1334	#FFFFFF	917
1335	#FFFFFF	917
1336	#FFFFFF	917
1337	#FFFFFF	917
1338	#FFFFFF	553
1339	#FFFFFF	1133
1340	#FFFFFF	1133
1341	#FFFFFF	1133
1342	#FFFFFF	917
1343	#FFFFFF	917
1344	#FFFFFF	917
1345	#FFFFFF	917
1346	#FFFFFF	917
1347	#FFFFFF	532
1348	#FFFFFF	532
1349	#FFFFFF	553
1350	#FFFFFF	532
1351	#FFFFFF	532
1352	#FFFFFF	532
1353	#FFFFFF	532
1354	#FFFFFF	532
1355	#FFFFFF	532
1356	#FFFFFF	28
1357	#FFFFFF	28
1358	#FFFFFF	373
1360	#FFFFFF	553
1363	#FFFFFF	553
1365	#FFFFFF	44
1366	#FFFFFF	44
1367	#FFFFFF	44
1368	#FFFFFF	44
1369	#FFFFFF	979
1370	#FFFFFF	979
1371	#FFFFFF	979
1372	#FFFFFF	979
1373	#FFFFFF	979
1374	#FFFFFF	44
1375	#FFFFFF	44
1376	#FFFFFF	979
1377	#FFFFFF	44
1378	#FFFFFF	593
1379	#FFFFFF	28
1380	#FFFFFF	28
1381	#FFFFFF	28
1382	#FFFFFF	28
1383	#FFFFFF	28
1384	#FFFFFF	28
1385	#FFFFFF	917
1386	#FFFFFF	1466
1387	#FFFFFF	917
1388	#FFFFFF	553
1389	#FFFFFF	1133
1390	#FFFFFF	1133
1391	#FFFFFF	1133
1392	#FFFFFF	1133
1393	#FFFFFF	1133
1394	#FFFFFF	1133
1395	#FFFFFF	917
1396	#FFFFFF	917
1397	#FFFFFF	917
1398	#FFFFFF	532
1399	#FFFFFF	553
1400	#FFFFFF	532
1401	#FFFFFF	532
1402	#FFFFFF	532
1403	#FFFFFF	532
1404	#FFFFFF	532
1405	#FFFFFF	2450
1406	#FFFFFF	2450
1407	#FFFFFF	28
1408	#FFFFFF	28
1410	#FFFFFF	553
1412	#FFFFFF	553
1415	#FFFFFF	553
1416	#FFFFFF	44
1417	#FFFFFF	44
1418	#FFFFFF	44
1419	#FFFFFF	979
1420	#FFFFFF	979
1421	#FFFFFF	979
1422	#FFFFFF	979
1423	#FFFFFF	979
1424	#FFFFFF	44
1425	#FFFFFF	44
1426	#FFFFFF	44
1427	#FFFFFF	979
1428	#FFFFFF	553
1429	#FFFFFF	28
1430	#FFFFFF	28
1431	#FFFFFF	28
1432	#FFFFFF	28
1433	#FFFFFF	28
1434	#FFFFFF	28
1435	#FFFFFF	28
1436	#FFFFFF	917
1438	#FFFFFF	917
1439	#FFFFFF	553
1440	#FFFFFF	917
1441	#FFFFFF	1133
1442	#FFFFFF	1133
1443	#FFFFFF	1133
1444	#FFFFFF	1133
1445	#FFFFFF	917
1446	#FFFFFF	917
1447	#FFFFFF	917
1448	#FFFFFF	532
1449	#FFFFFF	532
1450	#FFFFFF	553
1451	#FFFFFF	532
1452	#FFFFFF	532
1453	#FFFFFF	532
1454	#FFFFFF	532
1455	#FFFFFF	28
1456	#FFFFFF	2450
1457	#FFFFFF	28
1458	#FFFFFF	28
1459	#FFFFFF	373
1460	#FFFFFF	553
1462	#FFFFFF	44
1466	#FFFFFF	553
1467	#FFFFFF	553
1469	#FFFFFF	44
1470	#FFFFFF	979
1471	#FFFFFF	979
1472	#FFFFFF	979
1473	#FFFFFF	979
1474	#FFFFFF	44
1475	#FFFFFF	44
1476	#FFFFFF	979
1477	#FFFFFF	979
1478	#FFFFFF	553
1479	#FFFFFF	979
1480	#FFFFFF	28
1481	#FFFFFF	917
1482	#FFFFFF	28
1483	#FFFFFF	28
1484	#FFFFFF	28
1485	#FFFFFF	917
1486	#FFFFFF	917
1487	#FFFFFF	917
1488	#FFFFFF	1466
1489	#FFFFFF	553
1490	#FFFFFF	917
1491	#FFFFFF	917
1492	#FFFFFF	1133
1493	#FFFFFF	1133
1494	#FFFFFF	1133
1495	#FFFFFF	917
1496	#FFFFFF	1133
1497	#FFFFFF	917
1498	#FFFFFF	532
1499	#FFFFFF	532
1500	#FFFFFF	553
1501	#FFFFFF	28
1502	#FFFFFF	532
1503	#FFFFFF	532
1504	#FFFFFF	532
1505	#FFFFFF	532
1506	#FFFFFF	28
1507	#FFFFFF	2450
1508	#FFFFFF	28
1509	#FFFFFF	373
1511	#FFFFFF	553
1512	#FFFFFF	553
1514	#FFFFFF	44
1516	#FFFFFF	553
1517	#FFFFFF	553
1518	#FFFFFF	553
1520	#FFFFFF	979
1521	#FFFFFF	979
1522	#FFFFFF	979
1523	#FFFFFF	979
1524	#FFFFFF	44
1525	#FFFFFF	44
1526	#FFFFFF	44
1527	#FFFFFF	979
1528	#FFFFFF	979
1529	#FFFFFF	553
1530	#FFFFFF	917
1531	#FFFFFF	917
1532	#FFFFFF	28
1533	#FFFFFF	28
1534	#FFFFFF	28
1535	#FFFFFF	917
1536	#FFFFFF	917
1537	#FFFFFF	1466
1539	#FFFFFF	1466
1540	#FFFFFF	553
1541	#FFFFFF	917
1542	#FFFFFF	917
1543	#FFFFFF	1133
1544	#FFFFFF	1133
1545	#FFFFFF	917
1546	#FFFFFF	1133
1547	#FFFFFF	917
1548	#FFFFFF	917
1549	#FFFFFF	532
1550	#FFFFFF	28
1551	#FFFFFF	553
1552	#FFFFFF	532
1553	#FFFFFF	28
1554	#FFFFFF	532
1555	#FFFFFF	532
1556	#FFFFFF	28
1557	#FFFFFF	2450
1558	#FFFFFF	28
1559	#FFFFFF	28
1560	#FFFFFF	373
1561	#FFFFFF	553
1562	#FFFFFF	44
1564	#FFFFFF	44
1567	#FFFFFF	553
1568	#FFFFFF	553
1571	#FFFFFF	979
1572	#FFFFFF	44
1573	#FFFFFF	979
1574	#FFFFFF	44
1575	#FFFFFF	979
1576	#FFFFFF	44
1577	#FFFFFF	44
1578	#FFFFFF	44
1579	#FFFFFF	553
1580	#FFFFFF	979
1581	#FFFFFF	917
1582	#FFFFFF	28
1583	#FFFFFF	28
1584	#FFFFFF	917
1585	#FFFFFF	917
1586	#FFFFFF	917
1587	#FFFFFF	917
1588	#FFFFFF	1466
1589	#FFFFFF	1466
1590	#FFFFFF	553
1592	#FFFFFF	917
1593	#FFFFFF	1133
1594	#FFFFFF	1133
1595	#FFFFFF	1133
1596	#FFFFFF	917
1597	#FFFFFF	1133
1598	#FFFFFF	917
1599	#FFFFFF	532
1600	#FFFFFF	28
1601	#FFFFFF	553
1602	#FFFFFF	28
1603	#FFFFFF	28
1604	#FFFFFF	532
1605	#FFFFFF	532
1606	#FFFFFF	532
1607	#FFFFFF	28
1608	#FFFFFF	2450
1609	#FFFFFF	28
1610	#FFFFFF	373
1612	#FFFFFF	553
1613	#FFFFFF	553
1614	#FFFFFF	44
1616	#FFFFFF	44
1617	#FFFFFF	553
1618	#FFFFFF	553
1619	#FFFFFF	553
1622	#FFFFFF	44
1623	#FFFFFF	44
1624	#FFFFFF	979
1625	#FFFFFF	979
1626	#FFFFFF	979
1627	#FFFFFF	44
1628	#FFFFFF	44
1629	#FFFFFF	44
1630	#FFFFFF	553
1631	#FFFFFF	979
1632	#FFFFFF	917
1633	#FFFFFF	28
1634	#FFFFFF	917
1635	#FFFFFF	917
1636	#FFFFFF	917
1637	#FFFFFF	917
1638	#FFFFFF	917
1639	#FFFFFF	1466
1640	#FFFFFF	1466
1641	#FFFFFF	553
1642	#FFFFFF	917
1643	#FFFFFF	917
1644	#FFFFFF	1133
1645	#FFFFFF	1133
1646	#FFFFFF	1133
1647	#FFFFFF	1133
1648	#FFFFFF	917
1649	#FFFFFF	532
1650	#FFFFFF	532
1651	#FFFFFF	28
1652	#FFFFFF	553
1653	#FFFFFF	28
1654	#FFFFFF	532
1655	#FFFFFF	532
1656	#FFFFFF	28
1657	#FFFFFF	28
1658	#FFFFFF	28
1659	#FFFFFF	2450
1660	#FFFFFF	28
1661	#FFFFFF	28
1662	#FFFFFF	553
1663	#FFFFFF	553
1664	#FFFFFF	44
1666	#FFFFFF	44
1668	#FFFFFF	553
1669	#FFFFFF	553
1670	#FFFFFF	979
1673	#FFFFFF	44
1674	#FFFFFF	44
1675	#FFFFFF	979
1676	#FFFFFF	979
1677	#FFFFFF	979
1678	#FFFFFF	44
1679	#FFFFFF	44
1680	#FFFFFF	553
1681	#FFFFFF	44
1682	#FFFFFF	979
1683	#FFFFFF	917
1684	#FFFFFF	917
1685	#FFFFFF	917
1687	#FFFFFF	917
1688	#FFFFFF	917
1689	#FFFFFF	1466
1691	#FFFFFF	553
1692	#FFFFFF	1466
1693	#FFFFFF	917
1695	#FFFFFF	1133
1696	#FFFFFF	1133
1697	#FFFFFF	1133
1698	#FFFFFF	1133
1699	#FFFFFF	532
1700	#FFFFFF	28
1701	#FFFFFF	532
1702	#FFFFFF	553
1703	#FFFFFF	28
1704	#FFFFFF	532
1705	#FFFFFF	532
1706	#FFFFFF	532
1707	#FFFFFF	28
1708	#FFFFFF	28
1709	#FFFFFF	28
1710	#FFFFFF	2450
1711	#FFFFFF	28
1713	#FFFFFF	553
1714	#FFFFFF	44
1715	#FFFFFF	553
1716	#FFFFFF	44
1718	#FFFFFF	553
1719	#FFFFFF	553
1720	#FFFFFF	553
1721	#FFFFFF	979
1723	#FFFFFF	35
1724	#FFFFFF	44
1725	#FFFFFF	44
1726	#FFFFFF	44
1727	#FFFFFF	979
1728	#FFFFFF	44
1729	#FFFFFF	44
1730	#FFFFFF	917
1731	#FFFFFF	553
1732	#FFFFFF	44
1733	#FFFFFF	917
1735	#FFFFFF	917
1736	#FFFFFF	917
1737	#FFFFFF	917
1738	#FFFFFF	917
1739	#FFFFFF	1466
1740	#FFFFFF	917
1741	#FFFFFF	1466
1742	#FFFFFF	553
1743	#FFFFFF	1466
1744	#FFFFFF	917
1745	#FFFFFF	917
1746	#FFFFFF	917
1747	#FFFFFF	28
1748	#FFFFFF	28
1749	#FFFFFF	28
1750	#FFFFFF	532
1751	#FFFFFF	28
1752	#FFFFFF	532
1753	#FFFFFF	553
1754	#FFFFFF	28
1755	#FFFFFF	532
1756	#FFFFFF	532
1757	#FFFFFF	532
1758	#FFFFFF	28
1759	#FFFFFF	28
1760	#FFFFFF	28
1761	#FFFFFF	28
1762	#FFFFFF	28
1763	#FFFFFF	553
1764	#FFFFFF	44
1765	#FFFFFF	44
1766	#FFFFFF	44
1769	#FFFFFF	44
1770	#FFFFFF	553
1772	#FFFFFF	979
1775	#FFFFFF	44
1776	#FFFFFF	979
1778	#FFFFFF	44
1779	#FFFFFF	44
1780	#FFFFFF	917
1781	#FFFFFF	553
1782	#FFFFFF	917
1783	#FFFFFF	917
1784	#FFFFFF	917
1785	#FFFFFF	917
1786	#FFFFFF	917
1787	#FFFFFF	917
1788	#FFFFFF	917
1789	#FFFFFF	1466
1790	#FFFFFF	1466
1792	#FFFFFF	553
1793	#FFFFFF	917
1794	#FFFFFF	917
1795	#FFFFFF	917
1796	#FFFFFF	917
1797	#FFFFFF	28
1798	#FFFFFF	28
1799	#FFFFFF	28
1800	#FFFFFF	532
1801	#FFFFFF	28
1802	#FFFFFF	28
1803	#FFFFFF	553
1804	#FFFFFF	28
1805	#FFFFFF	532
1806	#FFFFFF	28
1807	#FFFFFF	28
1808	#FFFFFF	28
1809	#FFFFFF	28
1810	#FFFFFF	28
1811	#FFFFFF	28
1814	#FFFFFF	553
1815	#FFFFFF	44
1816	#FFFFFF	44
1817	#FFFFFF	44
1818	#FFFFFF	979
1819	#FFFFFF	44
1820	#FFFFFF	44
1821	#FFFFFF	553
1823	#FFFFFF	44
1826	#FFFFFF	979
1827	#FFFFFF	979
1828	#FFFFFF	44
1829	#FFFFFF	44
1830	#FFFFFF	44
1831	#FFFFFF	44
1832	#FFFFFF	553
1833	#FFFFFF	917
1834	#FFFFFF	917
1835	#FFFFFF	1466
1836	#FFFFFF	917
1837	#FFFFFF	1466
1838	#FFFFFF	917
1839	#FFFFFF	917
1840	#FFFFFF	1466
1841	#FFFFFF	917
1842	#FFFFFF	917
1843	#FFFFFF	553
1844	#FFFFFF	917
1846	#FFFFFF	917
1848	#FFFFFF	28
1849	#FFFFFF	28
1850	#FFFFFF	28
1851	#FFFFFF	28
1852	#FFFFFF	28
1853	#FFFFFF	28
1854	#FFFFFF	553
1855	#FFFFFF	28
1856	#FFFFFF	28
1857	#FFFFFF	28
1858	#FFFFFF	28
1859	#FFFFFF	28
1860	#FFFFFF	28
1861	#FFFFFF	28
1862	#FFFFFF	28
1863	#FFFFFF	28
1864	#FFFFFF	44
1865	#FFFFFF	44
1866	#FFFFFF	44
1867	#FFFFFF	979
1868	#FFFFFF	979
1870	#FFFFFF	44
1871	#FFFFFF	44
1872	#FFFFFF	979
1874	#FFFFFF	44
1877	#FFFFFF	979
1878	#FFFFFF	44
1879	#FFFFFF	44
1880	#FFFFFF	44
1881	#FFFFFF	44
1882	#FFFFFF	44
1883	#FFFFFF	44
1884	#FFFFFF	917
1885	#FFFFFF	1466
1886	#FFFFFF	917
1888	#FFFFFF	1466
1889	#FFFFFF	1466
1890	#FFFFFF	917
1891	#FFFFFF	1466
1892	#FFFFFF	917
1893	#FFFFFF	44
1894	#FFFFFF	917
1895	#FFFFFF	917
1896	#FFFFFF	917
1897	#FFFFFF	917
1898	#FFFFFF	28
1899	#FFFFFF	28
1900	#FFFFFF	28
1901	#FFFFFF	28
1902	#FFFFFF	28
1903	#FFFFFF	28
1904	#FFFFFF	553
1905	#FFFFFF	28
1906	#FFFFFF	28
1907	#FFFFFF	28
1908	#FFFFFF	28
1909	#FFFFFF	28
1910	#FFFFFF	28
1911	#FFFFFF	28
1912	#FFFFFF	28
1913	#FFFFFF	28
1915	#FFFFFF	553
1916	#FFFFFF	44
1917	#FFFFFF	44
1918	#FFFFFF	44
1919	#FFFFFF	979
1920	#FFFFFF	44
1921	#FFFFFF	44
1922	#FFFFFF	44
1923	#FFFFFF	44
1925	#FFFFFF	44
1927	#FFFFFF	1376
1928	#FFFFFF	979
1929	#FFFFFF	44
1930	#FFFFFF	44
1931	#FFFFFF	44
1932	#FFFFFF	44
1933	#FFFFFF	44
1934	#FFFFFF	44
1935	#FFFFFF	917
1936	#FFFFFF	1466
1938	#FFFFFF	1466
1939	#FFFFFF	1466
1940	#FFFFFF	917
1941	#FFFFFF	917
1942	#FFFFFF	1466
1943	#FFFFFF	1466
1944	#FFFFFF	44
1945	#FFFFFF	1466
1947	#FFFFFF	917
1948	#FFFFFF	917
1949	#FFFFFF	28
1950	#FFFFFF	28
1951	#FFFFFF	28
1952	#FFFFFF	28
1953	#FFFFFF	28
1954	#FFFFFF	28
1955	#FFFFFF	553
1956	#FFFFFF	28
1957	#FFFFFF	28
1958	#FFFFFF	28
1959	#FFFFFF	28
1960	#FFFFFF	28
1961	#FFFFFF	28
1962	#FFFFFF	28
1963	#FFFFFF	28
1964	#FFFFFF	28
1965	#FFFFFF	44
1966	#FFFFFF	44
1967	#FFFFFF	44
1968	#FFFFFF	44
1969	#FFFFFF	979
1971	#FFFFFF	44
1972	#FFFFFF	44
1973	#FFFFFF	979
1974	#FFFFFF	44
1976	#FFFFFF	979
1979	#FFFFFF	44
1980	#FFFFFF	44
1981	#FFFFFF	44
1982	#FFFFFF	44
1983	#FFFFFF	44
1984	#FFFFFF	44
1985	#FFFFFF	917
1986	#FFFFFF	917
1987	#FFFFFF	1466
1988	#FFFFFF	917
1989	#FFFFFF	1466
1990	#FFFFFF	917
1991	#FFFFFF	917
1992	#FFFFFF	917
1993	#FFFFFF	1466
1994	#FFFFFF	44
1996	#FFFFFF	917
1997	#FFFFFF	917
1998	#FFFFFF	28
1999	#FFFFFF	917
2000	#FFFFFF	28
2001	#FFFFFF	28
2002	#FFFFFF	28
2003	#FFFFFF	28
2004	#FFFFFF	28
2005	#FFFFFF	44
2006	#FFFFFF	28
2007	#FFFFFF	28
2008	#FFFFFF	28
2009	#FFFFFF	28
2010	#FFFFFF	28
2011	#FFFFFF	28
2012	#FFFFFF	28
2013	#FFFFFF	28
2014	#FFFFFF	28
2016	#FFFFFF	44
2017	#FFFFFF	44
2018	#FFFFFF	44
2019	#FFFFFF	44
2020	#FFFFFF	44
2021	#FFFFFF	75
2022	#FFFFFF	44
2023	#FFFFFF	44
2024	#FFFFFF	44
2025	#FFFFFF	44
2027	#FFFFFF	979
2030	#FFFFFF	44
2031	#FFFFFF	44
2032	#FFFFFF	44
2033	#FFFFFF	44
2034	#FFFFFF	44
2035	#FFFFFF	44
2036	#FFFFFF	917
2037	#FFFFFF	1466
2038	#FFFFFF	1466
2039	#FFFFFF	1466
2040	#FFFFFF	917
2041	#FFFFFF	1466
2042	#FFFFFF	1466
2043	#FFFFFF	1466
2044	#FFFFFF	1466
2045	#FFFFFF	75
2046	#FFFFFF	1466
2047	#FFFFFF	1466
2048	#FFFFFF	28
2049	#FFFFFF	28
2050	#FFFFFF	28
2051	#FFFFFF	28
2052	#FFFFFF	28
2053	#FFFFFF	28
2054	#FFFFFF	28
2055	#FFFFFF	28
2056	#FFFFFF	44
2057	#FFFFFF	28
2058	#FFFFFF	28
2059	#FFFFFF	28
2060	#FFFFFF	28
2061	#FFFFFF	28
2062	#FFFFFF	110
2063	#FFFFFF	28
2064	#FFFFFF	28
2065	#FFFFFF	28
2066	#FFFFFF	44
2067	#FFFFFF	44
2068	#FFFFFF	44
2069	#FFFFFF	44
2070	#FFFFFF	44
2072	#FFFFFF	75
2073	#FFFFFF	75
2074	#FFFFFF	44
2075	#FFFFFF	44
2076	#FFFFFF	44
2078	#FFFFFF	979
2081	#FFFFFF	98
2082	#FFFFFF	98
2083	#FFFFFF	44
2084	#FFFFFF	75
2085	#FFFFFF	44
2086	#FFFFFF	44
2087	#FFFFFF	1466
2089	#FFFFFF	44
2091	#FFFFFF	917
2092	#FFFFFF	1466
2093	#FFFFFF	1466
2094	#FFFFFF	1466
2095	#FFFFFF	75
2096	#FFFFFF	28
2097	#FFFFFF	1466
2098	#FFFFFF	28
2099	#FFFFFF	28
2100	#FFFFFF	28
2101	#FFFFFF	28
2102	#FFFFFF	28
2103	#FFFFFF	28
2104	#FFFFFF	28
2105	#FFFFFF	28
2106	#FFFFFF	44
2107	#FFFFFF	110
2108	#FFFFFF	28
2109	#FFFFFF	28
2110	#FFFFFF	28
2111	#FFFFFF	28
2112	#FFFFFF	28
2113	#FFFFFF	110
2114	#FFFFFF	28
2115	#FFFFFF	28
2117	#FFFFFF	44
2118	#FFFFFF	44
2119	#FFFFFF	44
2120	#FFFFFF	44
2121	#FFFFFF	44
2122	#FFFFFF	75
2123	#FFFFFF	75
2124	#FFFFFF	75
2125	#FFFFFF	44
2126	#FFFFFF	44
2127	#FFFFFF	44
2129	#FFFFFF	979
2132	#FFFFFF	98
2134	#FFFFFF	44
2135	#FFFFFF	75
2136	#FFFFFF	44
2137	#FFFFFF	44
2138	#FFFFFF	1466
2140	#FFFFFF	1466
2141	#FFFFFF	1466
2143	#FFFFFF	917
2144	#FFFFFF	1466
2145	#FFFFFF	28
2146	#FFFFFF	44
2147	#FFFFFF	28
2148	#FFFFFF	28
2149	#FFFFFF	28
2150	#FFFFFF	28
2151	#FFFFFF	28
2152	#FFFFFF	28
2153	#FFFFFF	28
2154	#FFFFFF	28
2155	#FFFFFF	28
2156	#FFFFFF	110
2157	#FFFFFF	44
2158	#FFFFFF	110
2159	#FFFFFF	110
2160	#FFFFFF	28
2161	#FFFFFF	28
2162	#FFFFFF	28
2163	#FFFFFF	110
2164	#FFFFFF	28
2165	#FFFFFF	28
2166	#FFFFFF	28
2167	#FFFFFF	44
2168	#FFFFFF	44
2169	#FFFFFF	44
2170	#FFFFFF	44
2171	#FFFFFF	44
2173	#FFFFFF	75
2174	#FFFFFF	75
2175	#FFFFFF	98
2176	#FFFFFF	44
2177	#FFFFFF	98
2178	#FFFFFF	44
2183	#FFFFFF	98
2184	#FFFFFF	98
2185	#FFFFFF	75
2186	#FFFFFF	44
2187	#FFFFFF	44
2188	#FFFFFF	44
2190	#FFFFFF	1376
2191	#FFFFFF	1466
2192	#FFFFFF	1466
2193	#FFFFFF	917
2194	#FFFFFF	1466
2195	#FFFFFF	28
2196	#FFFFFF	75
2197	#FFFFFF	98
2199	#FFFFFF	28
2200	#FFFFFF	28
2201	#FFFFFF	28
2202	#FFFFFF	28
2203	#FFFFFF	28
2204	#FFFFFF	28
2205	#FFFFFF	28
2206	#FFFFFF	28
2207	#FFFFFF	44
2208	#FFFFFF	110
2209	#FFFFFF	110
2210	#FFFFFF	28
2211	#FFFFFF	28
2212	#FFFFFF	28
2213	#FFFFFF	28
2214	#FFFFFF	110
2215	#FFFFFF	28
2216	#FFFFFF	28
2218	#FFFFFF	44
2219	#FFFFFF	44
2220	#FFFFFF	44
2221	#FFFFFF	44
2222	#FFFFFF	44
2223	#FFFFFF	75
2224	#FFFFFF	44
2225	#FFFFFF	75
2226	#FFFFFF	44
2227	#FFFFFF	98
2228	#FFFFFF	98
2229	#FFFFFF	44
2231	#FFFFFF	44
2234	#FFFFFF	98
2235	#FFFFFF	98
2236	#FFFFFF	44
2238	#FFFFFF	98
2239	#FFFFFF	44
2240	#FFFFFF	1376
2241	#FFFFFF	1466
2242	#FFFFFF	1466
2243	#FFFFFF	1466
2245	#FFFFFF	1466
2246	#FFFFFF	98
2247	#FFFFFF	75
2248	#FFFFFF	98
2249	#FFFFFF	28
2250	#FFFFFF	28
2251	#FFFFFF	28
2252	#FFFFFF	28
2253	#FFFFFF	28
2254	#FFFFFF	28
2255	#FFFFFF	28
2256	#FFFFFF	28
2257	#FFFFFF	28
2258	#FFFFFF	44
2259	#FFFFFF	28
2260	#FFFFFF	110
2261	#FFFFFF	28
2262	#FFFFFF	28
2263	#FFFFFF	28
2264	#FFFFFF	110
2265	#FFFFFF	110
2266	#FFFFFF	28
2267	#FFFFFF	28
2268	#FFFFFF	44
2269	#FFFFFF	44
2270	#FFFFFF	44
2271	#FFFFFF	44
2272	#FFFFFF	98
2275	#FFFFFF	116
2276	#FFFFFF	1913
2277	#FFFFFF	553
2278	#FFFFFF	28
2279	#FFFFFF	28
2280	#FFFFFF	28
2281	#FFFFFF	28
2282	#FFFFFF	28
2283	#FFFFFF	28
2284	#FFFFFF	28
2285	#FFFFFF	28
2286	#FFFFFF	116
2287	#FFFFFF	28
2288	#FFFFFF	1959
2289	#FFFFFF	1959
2290	#FFFFFF	28
2291	#FFFFFF	1959
2292	#FFFFFF	1959
2293	#FFFFFF	28
2294	#FFFFFF	599
2295	#FFFFFF	599
2296	#FFFFFF	28
2297	#FFFFFF	116
2298	#FFFFFF	28
2299	#FFFFFF	28
2300	#FFFFFF	28
2301	#FFFFFF	28
2302	#FFFFFF	28
2304	#FFFFFF	28
2305	#FFFFFF	28
2306	#FFFFFF	28
2307	#FFFFFF	28
2308	#FFFFFF	116
2309	#FFFFFF	28
2310	#FFFFFF	28
2311	#FFFFFF	191
2312	#FFFFFF	28
2313	#FFFFFF	28
2314	#FFFFFF	28
2315	#FFFFFF	28
2316	#FFFFFF	28
2317	#FFFFFF	28
2319	#FFFFFF	1001
2320	#FFFFFF	116
2321	#FFFFFF	1001
2322	#FFFFFF	44
2323	#FFFFFF	44
2324	#FFFFFF	116
2325	#FFFFFF	116
2326	#FFFFFF	116
2327	#FFFFFF	553
2328	#FFFFFF	553
2329	#FFFFFF	28
2330	#FFFFFF	28
2331	#FFFFFF	28
2332	#FFFFFF	28
2333	#FFFFFF	28
2334	#FFFFFF	28
2335	#FFFFFF	28
2336	#FFFFFF	28
2338	#FFFFFF	28
2339	#FFFFFF	1959
2340	#FFFFFF	28
2341	#FFFFFF	1959
2342	#FFFFFF	1959
2343	#FFFFFF	1959
2344	#FFFFFF	28
2345	#FFFFFF	28
2346	#FFFFFF	28
2347	#FFFFFF	28
2348	#FFFFFF	1761
2349	#FFFFFF	28
2350	#FFFFFF	28
2351	#FFFFFF	28
2352	#FFFFFF	28
2353	#FFFFFF	28
2354	#FFFFFF	28
2355	#FFFFFF	28
2356	#FFFFFF	28
2358	#FFFFFF	28
2359	#FFFFFF	116
2360	#FFFFFF	28
2361	#FFFFFF	28
2362	#FFFFFF	28
2363	#FFFFFF	28
2364	#FFFFFF	28
2365	#FFFFFF	28
2366	#FFFFFF	28
2367	#FFFFFF	28
2368	#FFFFFF	28
2369	#FFFFFF	1001
2370	#FFFFFF	116
2371	#FFFFFF	1001
2372	#FFFFFF	44
2373	#FFFFFF	1913
2375	#FFFFFF	75
2376	#FFFFFF	44
2377	#FFFFFF	98
2378	#FFFFFF	98
2379	#FFFFFF	98
2380	#FFFFFF	44
2381	#FFFFFF	44
2383	#FFFFFF	98
2386	#FFFFFF	98
2387	#FFFFFF	44
2388	#FFFFFF	98
2389	#FFFFFF	98
2390	#FFFFFF	98
2391	#FFFFFF	98
2392	#FFFFFF	1376
2393	#FFFFFF	1466
2394	#FFFFFF	1024
2396	#FFFFFF	917
2398	#FFFFFF	44
2399	#FFFFFF	98
2400	#FFFFFF	98
2401	#FFFFFF	98
2402	#FFFFFF	28
2403	#FFFFFF	28
2404	#FFFFFF	28
2405	#FFFFFF	28
2406	#FFFFFF	28
2407	#FFFFFF	28
2408	#FFFFFF	28
2409	#FFFFFF	44
2410	#FFFFFF	28
2411	#FFFFFF	110
2412	#FFFFFF	110
2413	#FFFFFF	28
2414	#FFFFFF	28
2415	#FFFFFF	110
2416	#FFFFFF	110
2417	#FFFFFF	110
2418	#FFFFFF	28
2420	#FFFFFF	44
2421	#FFFFFF	44
2422	#FFFFFF	44
2423	#FFFFFF	44
2424	#FFFFFF	44
2425	#FFFFFF	44
2426	#FFFFFF	44
2427	#FFFFFF	44
2428	#FFFFFF	98
2429	#FFFFFF	44
2430	#FFFFFF	98
2431	#FFFFFF	44
2432	#FFFFFF	44
2434	#FFFFFF	98
2437	#FFFFFF	1376
2438	#FFFFFF	44
2439	#FFFFFF	98
2441	#FFFFFF	98
2442	#FFFFFF	1376
2443	#FFFFFF	1466
2444	#FFFFFF	1024
2445	#FFFFFF	1466
2447	#FFFFFF	917
2448	#FFFFFF	98
2449	#FFFFFF	44
2451	#FFFFFF	98
2452	#FFFFFF	28
2453	#FFFFFF	28
2454	#FFFFFF	28
2455	#FFFFFF	28
2456	#FFFFFF	28
2458	#FFFFFF	28
2459	#FFFFFF	110
2460	#FFFFFF	44
2461	#FFFFFF	110
2462	#FFFFFF	110
2463	#FFFFFF	110
2464	#FFFFFF	110
2465	#FFFFFF	110
2466	#FFFFFF	1968
2467	#FFFFFF	1968
2468	#FFFFFF	28
2469	#FFFFFF	28
2470	#FFFFFF	44
2471	#FFFFFF	44
2472	#FFFFFF	44
2473	#FFFFFF	44
2474	#FFFFFF	98
2476	#FFFFFF	44
2477	#FFFFFF	44
2478	#FFFFFF	98
2479	#FFFFFF	44
2480	#FFFFFF	44
2481	#FFFFFF	44
2482	#FFFFFF	98
2483	#FFFFFF	98
2488	#FFFFFF	75
2489	#FFFFFF	98
2490	#FFFFFF	98
2491	#FFFFFF	98
2492	#FFFFFF	1376
2493	#FFFFFF	1376
2494	#FFFFFF	1024
2495	#FFFFFF	1024
2496	#FFFFFF	1466
2497	#FFFFFF	1466
2498	#FFFFFF	1466
2499	#FFFFFF	44
2500	#FFFFFF	98
2501	#FFFFFF	28
2502	#FFFFFF	28
2503	#FFFFFF	28
2504	#FFFFFF	28
2505	#FFFFFF	28
2506	#FFFFFF	28
2507	#FFFFFF	28
2508	#FFFFFF	28
2509	#FFFFFF	28
2510	#FFFFFF	44
2511	#FFFFFF	110
2512	#FFFFFF	110
2513	#FFFFFF	98
2514	#FFFFFF	110
2515	#FFFFFF	110
2516	#FFFFFF	1968
2517	#FFFFFF	1968
2518	#FFFFFF	110
2519	#FFFFFF	28
2521	#FFFFFF	44
2522	#FFFFFF	44
2523	#FFFFFF	44
2524	#FFFFFF	44
2525	#FFFFFF	98
2526	#FFFFFF	75
2527	#FFFFFF	75
2528	#FFFFFF	75
2529	#FFFFFF	98
2530	#FFFFFF	44
2531	#FFFFFF	44
2532	#FFFFFF	44
2533	#FFFFFF	98
2534	#FFFFFF	98
2536	#FFFFFF	1376
2539	#FFFFFF	75
2540	#FFFFFF	98
2541	#FFFFFF	98
2542	#FFFFFF	1376
2543	#FFFFFF	1376
2544	#FFFFFF	2048
2545	#FFFFFF	1024
2547	#FFFFFF	1466
2548	#FFFFFF	1466
2549	#FFFFFF	1466
2550	#FFFFFF	44
2551	#FFFFFF	98
2552	#FFFFFF	28
2553	#FFFFFF	28
2554	#FFFFFF	28
2555	#FFFFFF	28
2556	#FFFFFF	28
2558	#FFFFFF	28
2559	#FFFFFF	28
2560	#FFFFFF	110
2561	#FFFFFF	44
2562	#FFFFFF	110
2563	#FFFFFF	98
2564	#FFFFFF	110
2565	#FFFFFF	110
2566	#FFFFFF	1968
2567	#FFFFFF	110
2568	#FFFFFF	110
2569	#FFFFFF	28
2570	#FFFFFF	28
2571	#FFFFFF	44
2572	#FFFFFF	44
2573	#FFFFFF	44
2574	#FFFFFF	98
2575	#FFFFFF	44
2577	#FFFFFF	75
2578	#FFFFFF	75
2579	#FFFFFF	44
2580	#FFFFFF	98
2581	#FFFFFF	44
2582	#FFFFFF	44
2583	#FFFFFF	44
2584	#FFFFFF	98
2585	#FFFFFF	98
2587	#FFFFFF	1376
2589	#FFFFFF	75
2591	#FFFFFF	98
2592	#FFFFFF	1376
2593	#FFFFFF	1376
2594	#FFFFFF	2048
2595	#FFFFFF	1024
2596	#FFFFFF	1466
2597	#FFFFFF	1466
2598	#FFFFFF	1466
2599	#FFFFFF	1466
2600	#FFFFFF	44
2601	#FFFFFF	98
2602	#FFFFFF	98
2603	#FFFFFF	28
2604	#FFFFFF	28
2605	#FFFFFF	98
2606	#FFFFFF	98
2607	#FFFFFF	28
2608	#FFFFFF	98
2609	#FFFFFF	28
2610	#FFFFFF	98
2611	#FFFFFF	44
2613	#FFFFFF	110
2614	#FFFFFF	98
2615	#FFFFFF	110
2616	#FFFFFF	110
2617	#FFFFFF	1968
2618	#FFFFFF	110
2619	#FFFFFF	28
2620	#FFFFFF	28
2622	#FFFFFF	44
2623	#FFFFFF	44
2624	#FFFFFF	44
2625	#FFFFFF	44
2626	#FFFFFF	98
2627	#FFFFFF	75
2628	#FFFFFF	75
2629	#FFFFFF	44
2630	#FFFFFF	98
2631	#FFFFFF	44
2632	#FFFFFF	44
2633	#FFFFFF	44
2634	#FFFFFF	98
2635	#FFFFFF	98
2636	#FFFFFF	98
2638	#FFFFFF	1376
2640	#FFFFFF	44
2642	#FFFFFF	98
2643	#FFFFFF	1376
2644	#FFFFFF	2048
2645	#FFFFFF	2048
2646	#FFFFFF	1466
2647	#FFFFFF	1376
2648	#FFFFFF	1466
2649	#FFFFFF	1466
2651	#FFFFFF	44
2652	#FFFFFF	98
2653	#FFFFFF	28
2654	#FFFFFF	98
2655	#FFFFFF	28
2656	#FFFFFF	98
2657	#FFFFFF	28
2658	#FFFFFF	28
2659	#FFFFFF	98
2660	#FFFFFF	98
2661	#FFFFFF	98
2662	#FFFFFF	44
2663	#FFFFFF	98
2664	#FFFFFF	98
2665	#FFFFFF	110
2666	#FFFFFF	110
2667	#FFFFFF	110
2668	#FFFFFF	110
2669	#FFFFFF	28
2670	#FFFFFF	28
2671	#FFFFFF	28
2672	#FFFFFF	44
2673	#FFFFFF	44
2674	#FFFFFF	44
2675	#FFFFFF	44
2676	#FFFFFF	44
2678	#FFFFFF	75
2679	#FFFFFF	75
2680	#FFFFFF	98
2681	#FFFFFF	44
2682	#FFFFFF	44
2683	#FFFFFF	44
2684	#FFFFFF	44
2685	#FFFFFF	44
2686	#FFFFFF	98
2689	#FFFFFF	1376
2690	#FFFFFF	44
2693	#FFFFFF	1376
2694	#FFFFFF	2048
2695	#FFFFFF	1376
2697	#FFFFFF	1376
2699	#FFFFFF	1376
2700	#FFFFFF	1466
2701	#FFFFFF	44
2702	#FFFFFF	1466
2703	#FFFFFF	98
2704	#FFFFFF	28
2705	#FFFFFF	98
2706	#FFFFFF	98
2707	#FFFFFF	28
2708	#FFFFFF	98
2709	#FFFFFF	98
2710	#FFFFFF	98
2711	#FFFFFF	98
2712	#FFFFFF	44
2713	#FFFFFF	98
2714	#FFFFFF	98
2715	#FFFFFF	110
2716	#FFFFFF	110
2717	#FFFFFF	110
2718	#FFFFFF	110
2719	#FFFFFF	28
2721	#FFFFFF	28
2723	#FFFFFF	44
2724	#FFFFFF	44
2725	#FFFFFF	44
2727	#FFFFFF	44
2728	#FFFFFF	75
2729	#FFFFFF	75
2730	#FFFFFF	75
2731	#FFFFFF	98
2732	#FFFFFF	44
2733	#FFFFFF	44
2734	#FFFFFF	44
2735	#FFFFFF	44
2736	#FFFFFF	44
2737	#FFFFFF	98
2738	#FFFFFF	98
2741	#FFFFFF	75
2744	#FFFFFF	1376
2745	#FFFFFF	1376
2747	#FFFFFF	2048
2748	#FFFFFF	1376
2749	#FFFFFF	1376
2750	#FFFFFF	1466
2751	#FFFFFF	1466
2752	#FFFFFF	75
2753	#FFFFFF	98
2754	#FFFFFF	98
2755	#FFFFFF	28
2756	#FFFFFF	98
2757	#FFFFFF	98
2758	#FFFFFF	98
2759	#FFFFFF	98
2760	#FFFFFF	98
2761	#FFFFFF	98
2762	#FFFFFF	98
2763	#FFFFFF	44
2764	#FFFFFF	110
2765	#FFFFFF	110
2766	#FFFFFF	110
2767	#FFFFFF	110
2768	#FFFFFF	110
2769	#FFFFFF	110
2770	#FFFFFF	28
2772	#FFFFFF	28
2773	#FFFFFF	44
2774	#FFFFFF	44
2775	#FFFFFF	44
2776	#FFFFFF	44
2777	#FFFFFF	44
2779	#FFFFFF	75
2780	#FFFFFF	75
2781	#FFFFFF	44
2782	#FFFFFF	98
2783	#FFFFFF	98
2784	#FFFFFF	44
2785	#FFFFFF	44
2786	#FFFFFF	44
2787	#FFFFFF	98
2788	#FFFFFF	98
2789	#FFFFFF	1376
2791	#FFFFFF	75
2792	#FFFFFF	98
2795	#FFFFFF	1376
2797	#FFFFFF	2048
2798	#FFFFFF	1376
2799	#FFFFFF	1466
2800	#FFFFFF	1466
2801	#FFFFFF	98
2802	#FFFFFF	75
2803	#FFFFFF	1466
2804	#FFFFFF	98
2805	#FFFFFF	98
2806	#FFFFFF	98
2807	#FFFFFF	98
2808	#FFFFFF	98
2809	#FFFFFF	98
2810	#FFFFFF	98
2811	#FFFFFF	98
2812	#FFFFFF	110
2813	#FFFFFF	75
2815	#FFFFFF	110
2816	#FFFFFF	110
2817	#FFFFFF	110
2818	#FFFFFF	110
2819	#FFFFFF	110
2820	#FFFFFF	28
2821	#FFFFFF	28
2822	#FFFFFF	28
2824	#FFFFFF	44
2825	#FFFFFF	44
2826	#FFFFFF	44
2827	#FFFFFF	44
2828	#FFFFFF	44
2829	#FFFFFF	44
2830	#FFFFFF	75
2831	#FFFFFF	75
2832	#FFFFFF	44
2833	#FFFFFF	98
2834	#FFFFFF	98
2835	#FFFFFF	44
2836	#FFFFFF	98
2837	#FFFFFF	98
2838	#FFFFFF	98
2839	#FFFFFF	98
2840	#FFFFFF	1376
2842	#FFFFFF	75
2843	#FFFFFF	1376
2846	#FFFFFF	1376
2847	#FFFFFF	1376
2848	#FFFFFF	1376
2849	#FFFFFF	1466
2850	#FFFFFF	1466
2851	#FFFFFF	98
2852	#FFFFFF	98
2853	#FFFFFF	75
2854	#FFFFFF	98
2855	#FFFFFF	98
2856	#FFFFFF	98
2857	#FFFFFF	98
2858	#FFFFFF	98
2860	#FFFFFF	98
2861	#FFFFFF	98
2862	#FFFFFF	98
2864	#FFFFFF	44
2865	#FFFFFF	110
2866	#FFFFFF	110
2867	#FFFFFF	110
2868	#FFFFFF	110
2869	#FFFFFF	110
2870	#FFFFFF	110
2871	#FFFFFF	28
2872	#FFFFFF	28
2873	#FFFFFF	28
2874	#FFFFFF	44
2875	#FFFFFF	44
2876	#FFFFFF	44
2877	#FFFFFF	44
2878	#FFFFFF	44
2880	#FFFFFF	75
2881	#FFFFFF	44
2882	#FFFFFF	44
2883	#FFFFFF	98
2884	#FFFFFF	44
2885	#FFFFFF	44
2886	#FFFFFF	44
2887	#FFFFFF	98
2888	#FFFFFF	98
2889	#FFFFFF	98
2890	#FFFFFF	98
2891	#FFFFFF	1376
2892	#FFFFFF	44
2897	#FFFFFF	1376
2898	#FFFFFF	1376
2899	#FFFFFF	1466
2900	#FFFFFF	98
2901	#FFFFFF	98
2902	#FFFFFF	98
2903	#FFFFFF	75
2904	#FFFFFF	98
2905	#FFFFFF	98
2907	#FFFFFF	1165
2908	#FFFFFF	98
2909	#FFFFFF	1165
2910	#FFFFFF	98
2911	#FFFFFF	110
2912	#FFFFFF	98
2913	#FFFFFF	110
2914	#FFFFFF	75
2918	#FFFFFF	110
2919	#FFFFFF	110
2920	#FFFFFF	110
2921	#FFFFFF	28
2922	#FFFFFF	28
2923	#FFFFFF	28
2925	#FFFFFF	44
2926	#FFFFFF	44
2927	#FFFFFF	44
2928	#FFFFFF	44
2929	#FFFFFF	44
2930	#FFFFFF	75
2931	#FFFFFF	75
2932	#FFFFFF	44
2933	#FFFFFF	44
2934	#FFFFFF	98
2935	#FFFFFF	44
2936	#FFFFFF	44
2937	#FFFFFF	98
2938	#FFFFFF	98
2939	#FFFFFF	98
2940	#FFFFFF	98
2941	#FFFFFF	1376
2942	#FFFFFF	1376
2943	#FFFFFF	75
2947	#FFFFFF	1376
2948	#FFFFFF	98
2949	#FFFFFF	98
2950	#FFFFFF	1466
2951	#FFFFFF	98
2952	#FFFFFF	98
2953	#FFFFFF	98
2954	#FFFFFF	75
2955	#FFFFFF	98
2956	#FFFFFF	98
2957	#FFFFFF	98
2958	#FFFFFF	1165
2959	#FFFFFF	1165
2960	#FFFFFF	98
2961	#FFFFFF	98
2962	#FFFFFF	110
2963	#FFFFFF	110
2964	#FFFFFF	110
2965	#FFFFFF	44
2966	#FFFFFF	110
2967	#FFFFFF	110
2968	#FFFFFF	110
2970	#FFFFFF	1590
2971	#FFFFFF	110
2972	#FFFFFF	28
2973	#FFFFFF	28
2974	#FFFFFF	28
2975	#FFFFFF	75
2976	#FFFFFF	44
2977	#FFFFFF	44
2978	#FFFFFF	44
2979	#FFFFFF	44
2981	#FFFFFF	75
2982	#FFFFFF	44
2983	#FFFFFF	44
2984	#FFFFFF	44
2985	#FFFFFF	98
2986	#FFFFFF	44
2987	#FFFFFF	44
2988	#FFFFFF	98
2989	#FFFFFF	98
2990	#FFFFFF	98
2991	#FFFFFF	1376
2992	#FFFFFF	98
2993	#FFFFFF	44
2994	#FFFFFF	98
2996	#FFFFFF	1376
3000	#FFFFFF	98
3001	#FFFFFF	98
3002	#FFFFFF	98
3003	#FFFFFF	98
3004	#FFFFFF	75
3005	#FFFFFF	98
3006	#FFFFFF	98
3007	#FFFFFF	98
3008	#FFFFFF	1165
3009	#FFFFFF	1165
3010	#FFFFFF	98
3011	#FFFFFF	110
3012	#FFFFFF	98
3013	#FFFFFF	110
3014	#FFFFFF	110
3015	#FFFFFF	75
3016	#FFFFFF	110
3019	#FFFFFF	110
3020	#FFFFFF	110
3021	#FFFFFF	1590
3023	#FFFFFF	28
3024	#FFFFFF	28
3026	#FFFFFF	75
3027	#FFFFFF	44
3028	#FFFFFF	44
3029	#FFFFFF	44
3030	#FFFFFF	44
3031	#FFFFFF	75
3032	#FFFFFF	75
3033	#FFFFFF	44
3034	#FFFFFF	44
3035	#FFFFFF	44
3036	#FFFFFF	98
3037	#FFFFFF	98
3038	#FFFFFF	44
3039	#FFFFFF	98
3040	#FFFFFF	98
3041	#FFFFFF	98
3042	#FFFFFF	98
3043	#FFFFFF	98
3044	#FFFFFF	75
3045	#FFFFFF	98
3047	#FFFFFF	1376
3050	#FFFFFF	98
3051	#FFFFFF	98
3052	#FFFFFF	98
3053	#FFFFFF	98
3054	#FFFFFF	98
3055	#FFFFFF	75
3056	#FFFFFF	98
3057	#FFFFFF	98
3058	#FFFFFF	1165
3060	#FFFFFF	1165
3061	#FFFFFF	98
3062	#FFFFFF	110
3063	#FFFFFF	98
3064	#FFFFFF	110
3065	#FFFFFF	110
3066	#FFFFFF	75
3067	#FFFFFF	110
3068	#FFFFFF	110
3069	#FFFFFF	110
3070	#FFFFFF	1590
3071	#FFFFFF	1590
3072	#FFFFFF	28
3073	#FFFFFF	28
3074	#FFFFFF	28
3075	#FFFFFF	28
3076	#FFFFFF	44
3077	#FFFFFF	44
3078	#FFFFFF	44
3079	#FFFFFF	44
3080	#FFFFFF	44
3082	#FFFFFF	75
3083	#FFFFFF	44
3084	#FFFFFF	44
3085	#FFFFFF	44
3087	#FFFFFF	98
3088	#FFFFFF	98
3089	#FFFFFF	98
3090	#FFFFFF	98
3091	#FFFFFF	98
3092	#FFFFFF	98
3093	#FFFFFF	98
3094	#FFFFFF	75
3095	#FFFFFF	98
3096	#FFFFFF	1376
3098	#FFFFFF	98
3101	#FFFFFF	98
3102	#FFFFFF	98
3103	#FFFFFF	98
3104	#FFFFFF	98
3105	#FFFFFF	44
3106	#FFFFFF	1165
3107	#FFFFFF	1165
3108	#FFFFFF	1165
3110	#FFFFFF	1165
3111	#FFFFFF	98
3112	#FFFFFF	110
3113	#FFFFFF	110
3115	#FFFFFF	110
3116	#FFFFFF	44
3117	#FFFFFF	1967
3118	#FFFFFF	1967
3119	#FFFFFF	110
3120	#FFFFFF	110
3121	#FFFFFF	1590
3123	#FFFFFF	28
3124	#FFFFFF	28
3125	#FFFFFF	28
3127	#FFFFFF	75
3128	#FFFFFF	44
3129	#FFFFFF	44
3130	#FFFFFF	44
3131	#FFFFFF	44
3132	#FFFFFF	75
3133	#FFFFFF	44
3134	#FFFFFF	75
3135	#FFFFFF	44
3136	#FFFFFF	98
3137	#FFFFFF	98
3138	#FFFFFF	98
3139	#FFFFFF	98
3140	#FFFFFF	98
3141	#FFFFFF	98
3142	#FFFFFF	98
3143	#FFFFFF	98
3144	#FFFFFF	98
3145	#FFFFFF	75
3146	#FFFFFF	98
3147	#FFFFFF	1376
3149	#FFFFFF	98
3152	#FFFFFF	98
3153	#FFFFFF	98
3154	#FFFFFF	98
3155	#FFFFFF	98
3156	#FFFFFF	44
3157	#FFFFFF	1165
3158	#FFFFFF	1165
3159	#FFFFFF	1165
3160	#FFFFFF	1165
3162	#FFFFFF	98
3163	#FFFFFF	98
3164	#FFFFFF	110
3165	#FFFFFF	110
3166	#FFFFFF	110
3167	#FFFFFF	44
3168	#FFFFFF	1967
3170	#FFFFFF	110
3171	#FFFFFF	110
3172	#FFFFFF	28
3174	#FFFFFF	28
3175	#FFFFFF	1524
3176	#FFFFFF	28
3177	#FFFFFF	44
3178	#FFFFFF	44
3179	#FFFFFF	44
3180	#FFFFFF	44
3181	#FFFFFF	44
3183	#FFFFFF	44
3184	#FFFFFF	75
3185	#FFFFFF	44
3186	#FFFFFF	98
3187	#FFFFFF	44
3188	#FFFFFF	44
3189	#FFFFFF	98
3190	#FFFFFF	98
3191	#FFFFFF	98
3192	#FFFFFF	98
3193	#FFFFFF	98
3194	#FFFFFF	98
3195	#FFFFFF	44
3196	#FFFFFF	1376
3197	#FFFFFF	1376
3198	#FFFFFF	1376
3200	#FFFFFF	98
3203	#FFFFFF	98
3204	#FFFFFF	98
3205	#FFFFFF	98
3206	#FFFFFF	44
3207	#FFFFFF	98
3208	#FFFFFF	98
3209	#FFFFFF	1165
3210	#FFFFFF	1165
3211	#FFFFFF	1165
3213	#FFFFFF	98
3214	#FFFFFF	110
3215	#FFFFFF	110
3216	#FFFFFF	110
3217	#FFFFFF	44
3218	#FFFFFF	110
3219	#FFFFFF	1967
3220	#FFFFFF	110
3222	#FFFFFF	110
3223	#FFFFFF	110
3224	#FFFFFF	1590
3225	#FFFFFF	1524
3226	#FFFFFF	1524
3228	#FFFFFF	44
3229	#FFFFFF	44
3230	#FFFFFF	44
3231	#FFFFFF	44
3232	#FFFFFF	44
3233	#FFFFFF	44
3234	#FFFFFF	44
3235	#FFFFFF	75
3236	#FFFFFF	44
3237	#FFFFFF	44
3238	#FFFFFF	44
3239	#FFFFFF	98
3240	#FFFFFF	98
3241	#FFFFFF	98
3242	#FFFFFF	98
3243	#FFFFFF	98
3244	#FFFFFF	98
3245	#FFFFFF	1376
3246	#FFFFFF	44
3247	#FFFFFF	1376
3248	#FFFFFF	1376
3249	#FFFFFF	98
3251	#FFFFFF	98
3254	#FFFFFF	98
3255	#FFFFFF	98
3257	#FFFFFF	44
3258	#FFFFFF	98
3259	#FFFFFF	1165
3260	#FFFFFF	98
3262	#FFFFFF	1165
3263	#FFFFFF	1165
3265	#FFFFFF	110
3266	#FFFFFF	110
3267	#FFFFFF	98
3268	#FFFFFF	44
3269	#FFFFFF	110
3270	#FFFFFF	110
3271	#FFFFFF	110
3272	#FFFFFF	110
3273	#FFFFFF	110
3274	#FFFFFF	1590
3275	#FFFFFF	1590
3276	#FFFFFF	1524
3277	#FFFFFF	28
3278	#FFFFFF	44
3279	#FFFFFF	44
3280	#FFFFFF	44
3281	#FFFFFF	44
3282	#FFFFFF	44
3284	#FFFFFF	44
3285	#FFFFFF	75
3286	#FFFFFF	44
3287	#FFFFFF	44
3288	#FFFFFF	98
3289	#FFFFFF	98
3290	#FFFFFF	98
3291	#FFFFFF	98
3292	#FFFFFF	98
3293	#FFFFFF	98
3294	#FFFFFF	98
3295	#FFFFFF	1376
3296	#FFFFFF	44
3297	#FFFFFF	98
3298	#FFFFFF	1376
3299	#FFFFFF	98
3300	#FFFFFF	98
3302	#FFFFFF	98
3305	#FFFFFF	98
3306	#FFFFFF	98
3307	#FFFFFF	44
3308	#FFFFFF	98
3309	#FFFFFF	98
3311	#FFFFFF	1165
3312	#FFFFFF	1165
3313	#FFFFFF	1165
3314	#FFFFFF	98
3315	#FFFFFF	98
3316	#FFFFFF	98
3318	#FFFFFF	44
3319	#FFFFFF	98
3320	#FFFFFF	110
3322	#FFFFFF	28
3323	#FFFFFF	110
3325	#FFFFFF	1590
3326	#FFFFFF	1590
3327	#FFFFFF	1524
3329	#FFFFFF	44
3330	#FFFFFF	44
3331	#FFFFFF	44
3332	#FFFFFF	44
3333	#FFFFFF	44
3334	#FFFFFF	44
3335	#FFFFFF	44
3336	#FFFFFF	75
3337	#FFFFFF	44
3338	#FFFFFF	44
3339	#FFFFFF	98
3340	#FFFFFF	98
3341	#FFFFFF	98
3342	#FFFFFF	98
3343	#FFFFFF	98
3344	#FFFFFF	98
3345	#FFFFFF	98
3346	#FFFFFF	98
3347	#FFFFFF	44
3348	#FFFFFF	1376
3349	#FFFFFF	1376
3350	#FFFFFF	1376
3351	#FFFFFF	98
3353	#FFFFFF	98
3356	#FFFFFF	98
3357	#FFFFFF	98
3358	#FFFFFF	44
3359	#FFFFFF	98
3360	#FFFFFF	98
3361	#FFFFFF	1165
3362	#FFFFFF	1165
3363	#FFFFFF	1165
3364	#FFFFFF	98
3365	#FFFFFF	98
3366	#FFFFFF	98
3367	#FFFFFF	98
3368	#FFFFFF	98
3369	#FFFFFF	44
3370	#FFFFFF	110
3371	#FFFFFF	110
3372	#FFFFFF	28
3373	#FFFFFF	28
3375	#FFFFFF	110
3377	#FFFFFF	1590
3378	#FFFFFF	1524
3379	#FFFFFF	44
3380	#FFFFFF	44
3381	#FFFFFF	98
3382	#FFFFFF	44
3383	#FFFFFF	44
3385	#FFFFFF	116
3386	#FFFFFF	116
3387	#FFFFFF	553
3388	#FFFFFF	553
3389	#FFFFFF	28
3390	#FFFFFF	28
3391	#FFFFFF	28
3392	#FFFFFF	28
3393	#FFFFFF	28
3394	#FFFFFF	28
3395	#FFFFFF	28
3396	#FFFFFF	28
3397	#FFFFFF	116
3398	#FFFFFF	28
3399	#FFFFFF	28
3400	#FFFFFF	28
3401	#FFFFFF	28
3402	#FFFFFF	1959
3403	#FFFFFF	1959
3404	#FFFFFF	28
3405	#FFFFFF	28
3406	#FFFFFF	28
3407	#FFFFFF	28
3408	#FFFFFF	116
3409	#FFFFFF	28
3410	#FFFFFF	28
3411	#FFFFFF	28
3412	#FFFFFF	28
3413	#FFFFFF	28
3414	#FFFFFF	28
3415	#FFFFFF	28
3417	#FFFFFF	28
3418	#FFFFFF	28
3420	#FFFFFF	28
3421	#FFFFFF	28
3422	#FFFFFF	28
3423	#FFFFFF	28
3424	#FFFFFF	28
3425	#FFFFFF	28
3426	#FFFFFF	28
3427	#FFFFFF	28
3428	#FFFFFF	28
3430	#FFFFFF	116
3431	#FFFFFF	1001
3432	#FFFFFF	1001
3433	#FFFFFF	44
3434	#FFFFFF	553
3435	#FFFFFF	44
3436	#FFFFFF	44
3437	#FFFFFF	116
3438	#FFFFFF	28
3439	#FFFFFF	28
3440	#FFFFFF	28
3441	#FFFFFF	28
3442	#FFFFFF	28
3443	#FFFFFF	28
3444	#FFFFFF	28
3445	#FFFFFF	28
3446	#FFFFFF	28
3447	#FFFFFF	28
3448	#FFFFFF	116
3449	#FFFFFF	28
3450	#FFFFFF	28
3451	#FFFFFF	1959
3452	#FFFFFF	1959
3453	#FFFFFF	28
3454	#FFFFFF	28
3455	#FFFFFF	28
3456	#FFFFFF	28
3457	#FFFFFF	28
3458	#FFFFFF	28
3459	#FFFFFF	116
3460	#FFFFFF	28
3461	#FFFFFF	28
3462	#FFFFFF	28
3463	#FFFFFF	28
3464	#FFFFFF	28
3465	#FFFFFF	378
3466	#FFFFFF	28
3467	#FFFFFF	28
3468	#FFFFFF	28
3469	#FFFFFF	28
3470	#FFFFFF	1761
3471	#FFFFFF	28
3472	#FFFFFF	28
3473	#FFFFFF	28
3474	#FFFFFF	28
3475	#FFFFFF	28
3476	#FFFFFF	28
3477	#FFFFFF	28
3478	#FFFFFF	28
3479	#FFFFFF	28
3480	#FFFFFF	1001
3481	#FFFFFF	1001
3482	#FFFFFF	44
3483	#FFFFFF	553
3484	#FFFFFF	553
3486	#FFFFFF	44
3487	#FFFFFF	75
3489	#FFFFFF	44
3490	#FFFFFF	44
3491	#FFFFFF	98
3492	#FFFFFF	98
3493	#FFFFFF	98
3495	#FFFFFF	98
3496	#FFFFFF	98
3497	#FFFFFF	98
3498	#FFFFFF	75
3499	#FFFFFF	98
3500	#FFFFFF	1376
3501	#FFFFFF	1376
3502	#FFFFFF	98
3503	#FFFFFF	98
3505	#FFFFFF	98
3508	#FFFFFF	98
3509	#FFFFFF	44
3510	#FFFFFF	98
3511	#FFFFFF	1165
3512	#FFFFFF	1165
3513	#FFFFFF	1165
3514	#FFFFFF	1165
3515	#FFFFFF	98
3516	#FFFFFF	98
3517	#FFFFFF	2082
3518	#FFFFFF	98
3519	#FFFFFF	98
3520	#FFFFFF	44
3521	#FFFFFF	98
3522	#FFFFFF	110
3524	#FFFFFF	28
3526	#FFFFFF	110
3527	#FFFFFF	110
3528	#FFFFFF	110
3529	#FFFFFF	1590
3531	#FFFFFF	44
3532	#FFFFFF	44
3533	#FFFFFF	44
3534	#FFFFFF	98
3535	#FFFFFF	44
3536	#FFFFFF	44
3537	#FFFFFF	75
3538	#FFFFFF	44
3539	#FFFFFF	44
3540	#FFFFFF	44
3541	#FFFFFF	98
3542	#FFFFFF	98
3543	#FFFFFF	98
3544	#FFFFFF	98
3545	#FFFFFF	98
3546	#FFFFFF	98
3547	#FFFFFF	44
3548	#FFFFFF	98
3549	#FFFFFF	44
3550	#FFFFFF	1376
3551	#FFFFFF	98
3552	#FFFFFF	98
3553	#FFFFFF	98
3554	#FFFFFF	98
3556	#FFFFFF	98
3560	#FFFFFF	44
3561	#FFFFFF	98
3562	#FFFFFF	1165
3563	#FFFFFF	98
3564	#FFFFFF	1165
3565	#FFFFFF	98
3566	#FFFFFF	98
3567	#FFFFFF	2082
3569	#FFFFFF	2082
3570	#FFFFFF	2082
3571	#FFFFFF	44
3572	#FFFFFF	98
3573	#FFFFFF	28
3575	#FFFFFF	1590
3576	#FFFFFF	110
3577	#FFFFFF	110
3579	#FFFFFF	110
3580	#FFFFFF	1590
3581	#FFFFFF	44
3582	#FFFFFF	44
3583	#FFFFFF	98
3584	#FFFFFF	98
3585	#FFFFFF	44
3587	#FFFFFF	44
3588	#FFFFFF	44
3589	#FFFFFF	98
3590	#FFFFFF	44
3591	#FFFFFF	44
3592	#FFFFFF	44
3593	#FFFFFF	44
3594	#FFFFFF	44
3595	#FFFFFF	98
3596	#FFFFFF	98
3597	#FFFFFF	44
3598	#FFFFFF	98
3599	#FFFFFF	44
3600	#FFFFFF	98
3601	#FFFFFF	1376
3602	#FFFFFF	98
3603	#FFFFFF	98
3604	#FFFFFF	98
3605	#FFFFFF	98
3607	#FFFFFF	98
3610	#FFFFFF	44
3611	#FFFFFF	98
3612	#FFFFFF	98
3613	#FFFFFF	98
3614	#FFFFFF	98
3615	#FFFFFF	1165
3616	#FFFFFF	98
3620	#FFFFFF	2082
3621	#FFFFFF	44
3622	#FFFFFF	2082
3623	#FFFFFF	2082
3624	#FFFFFF	28
3625	#FFFFFF	110
3626	#FFFFFF	28
3628	#FFFFFF	28
3629	#FFFFFF	110
3630	#FFFFFF	1590
3632	#FFFFFF	44
3633	#FFFFFF	44
3634	#FFFFFF	44
3635	#FFFFFF	44
3636	#FFFFFF	98
3637	#FFFFFF	44
3638	#FFFFFF	44
3639	#FFFFFF	44
3640	#FFFFFF	98
3641	#FFFFFF	98
3642	#FFFFFF	44
3643	#FFFFFF	44
3644	#FFFFFF	44
3645	#FFFFFF	98
3646	#FFFFFF	98
3647	#FFFFFF	44
3648	#FFFFFF	44
3649	#FFFFFF	98
3651	#FFFFFF	98
3652	#FFFFFF	98
3653	#FFFFFF	98
3654	#FFFFFF	98
3655	#FFFFFF	98
3656	#FFFFFF	98
3658	#FFFFFF	98
3661	#FFFFFF	44
3663	#FFFFFF	98
3664	#FFFFFF	98
3666	#FFFFFF	98
3667	#FFFFFF	98
3668	#FFFFFF	98
3669	#FFFFFF	98
3670	#FFFFFF	2082
3671	#FFFFFF	1826
3672	#FFFFFF	44
3673	#FFFFFF	2082
3674	#FFFFFF	28
3675	#FFFFFF	28
3676	#FFFFFF	110
3677	#FFFFFF	28
3679	#FFFFFF	28
3680	#FFFFFF	110
3681	#FFFFFF	1524
3682	#FFFFFF	44
3683	#FFFFFF	44
3684	#FFFFFF	44
3685	#FFFFFF	98
3686	#FFFFFF	98
3688	#FFFFFF	44
3689	#FFFFFF	44
3690	#FFFFFF	98
3691	#FFFFFF	98
3692	#FFFFFF	98
3693	#FFFFFF	44
3694	#FFFFFF	44
3695	#FFFFFF	98
3696	#FFFFFF	98
3697	#FFFFFF	44
3698	#FFFFFF	44
3699	#FFFFFF	44
3700	#FFFFFF	44
3701	#FFFFFF	98
3702	#FFFFFF	98
3703	#FFFFFF	98
3704	#FFFFFF	98
3705	#FFFFFF	98
3706	#FFFFFF	98
3707	#FFFFFF	98
3711	#FFFFFF	44
3713	#FFFFFF	98
3714	#FFFFFF	98
3716	#FFFFFF	98
3717	#FFFFFF	98
3718	#FFFFFF	1826
3719	#FFFFFF	98
3720	#FFFFFF	98
3721	#FFFFFF	1826
3722	#FFFFFF	44
3723	#FFFFFF	1826
3724	#FFFFFF	28
3725	#FFFFFF	1826
3726	#FFFFFF	28
3727	#FFFFFF	28
3728	#FFFFFF	28
3729	#FFFFFF	28
3730	#FFFFFF	28
3731	#FFFFFF	28
3733	#FFFFFF	98
3734	#FFFFFF	98
3735	#FFFFFF	44
3736	#FFFFFF	44
3738	#FFFFFF	44
3739	#FFFFFF	44
3740	#FFFFFF	44
3741	#FFFFFF	98
3742	#FFFFFF	98
3743	#FFFFFF	44
3744	#FFFFFF	44
3745	#FFFFFF	44
3746	#FFFFFF	98
3747	#FFFFFF	44
3748	#FFFFFF	44
3749	#FFFFFF	44
3750	#FFFFFF	44
3751	#FFFFFF	44
3752	#FFFFFF	98
3753	#FFFFFF	98
3754	#FFFFFF	98
3755	#FFFFFF	98
3756	#FFFFFF	98
3757	#FFFFFF	2027
3758	#FFFFFF	98
3760	#FFFFFF	98
3762	#FFFFFF	44
3764	#FFFFFF	98
3766	#FFFFFF	98
3767	#FFFFFF	1938
3768	#FFFFFF	98
3770	#FFFFFF	98
3771	#FFFFFF	98
3772	#FFFFFF	98
3773	#FFFFFF	44
3774	#FFFFFF	1826
3775	#FFFFFF	1826
3776	#FFFFFF	28
3777	#FFFFFF	28
3778	#FFFFFF	28
3779	#FFFFFF	28
3780	#FFFFFF	28
3781	#FFFFFF	28
3783	#FFFFFF	98
3784	#FFFFFF	44
3785	#FFFFFF	44
3786	#FFFFFF	98
3787	#FFFFFF	98
3789	#FFFFFF	44
3790	#FFFFFF	44
3791	#FFFFFF	98
3792	#FFFFFF	98
3793	#FFFFFF	44
3794	#FFFFFF	44
3795	#FFFFFF	44
3796	#FFFFFF	98
3797	#FFFFFF	44
3798	#FFFFFF	44
3799	#FFFFFF	44
3800	#FFFFFF	44
3801	#FFFFFF	44
3802	#FFFFFF	98
3803	#FFFFFF	98
3804	#FFFFFF	98
3805	#FFFFFF	98
3806	#FFFFFF	2027
3807	#FFFFFF	2027
3808	#FFFFFF	2027
3809	#FFFFFF	98
3812	#FFFFFF	44
3815	#FFFFFF	98
3816	#FFFFFF	98
3817	#FFFFFF	1938
3818	#FFFFFF	98
3819	#FFFFFF	98
3820	#FFFFFF	1826
3821	#FFFFFF	98
3822	#FFFFFF	98
3823	#FFFFFF	98
3824	#FFFFFF	1826
3825	#FFFFFF	2201
3826	#FFFFFF	1826
3827	#FFFFFF	98
3829	#FFFFFF	28
3830	#FFFFFF	28
3834	#FFFFFF	44
3835	#FFFFFF	98
3836	#FFFFFF	44
3837	#FFFFFF	44
3838	#FFFFFF	98
3839	#FFFFFF	44
3840	#FFFFFF	44
3841	#FFFFFF	44
3842	#FFFFFF	98
3843	#FFFFFF	44
3844	#FFFFFF	44
3845	#FFFFFF	44
3846	#FFFFFF	44
3847	#FFFFFF	98
3848	#FFFFFF	44
3849	#FFFFFF	44
3850	#FFFFFF	44
3851	#FFFFFF	44
3852	#FFFFFF	44
3853	#FFFFFF	98
3854	#FFFFFF	98
3855	#FFFFFF	98
3856	#FFFFFF	98
3857	#FFFFFF	2027
3858	#FFFFFF	2027
3859	#FFFFFF	98
3860	#FFFFFF	2027
3862	#FFFFFF	2027
3863	#FFFFFF	44
3866	#FFFFFF	98
3867	#FFFFFF	98
3868	#FFFFFF	1938
3869	#FFFFFF	98
3870	#FFFFFF	1938
3871	#FFFFFF	1826
3872	#FFFFFF	98
3873	#FFFFFF	98
3875	#FFFFFF	1826
3879	#FFFFFF	28
3880	#FFFFFF	28
3881	#FFFFFF	28
3882	#FFFFFF	28
3883	#FFFFFF	28
3885	#FFFFFF	98
3886	#FFFFFF	44
3887	#FFFFFF	98
3888	#FFFFFF	98
3890	#FFFFFF	44
3891	#FFFFFF	44
3892	#FFFFFF	98
3893	#FFFFFF	44
3894	#FFFFFF	98
3895	#FFFFFF	44
3896	#FFFFFF	44
3897	#FFFFFF	44
3898	#FFFFFF	44
3899	#FFFFFF	44
3900	#FFFFFF	44
3901	#FFFFFF	44
3902	#FFFFFF	44
3903	#FFFFFF	44
3904	#FFFFFF	98
3905	#FFFFFF	98
3906	#FFFFFF	44
3907	#FFFFFF	98
3908	#FFFFFF	98
3909	#FFFFFF	2027
3910	#FFFFFF	2027
3911	#FFFFFF	2027
3913	#FFFFFF	44
3914	#FFFFFF	98
3917	#FFFFFF	98
3918	#FFFFFF	98
3919	#FFFFFF	1938
3921	#FFFFFF	1826
3922	#FFFFFF	1826
3923	#FFFFFF	98
3925	#FFFFFF	1826
3926	#FFFFFF	1826
3927	#FFFFFF	2201
3928	#FFFFFF	2201
3929	#FFFFFF	98
3930	#FFFFFF	28
3931	#FFFFFF	28
3932	#FFFFFF	28
3933	#FFFFFF	28
3936	#FFFFFF	98
3937	#FFFFFF	98
3938	#FFFFFF	44
3939	#FFFFFF	98
3940	#FFFFFF	44
3941	#FFFFFF	44
3942	#FFFFFF	44
3943	#FFFFFF	98
3944	#FFFFFF	98
3945	#FFFFFF	44
3946	#FFFFFF	98
3947	#FFFFFF	44
3948	#FFFFFF	44
3949	#FFFFFF	44
3950	#FFFFFF	44
3951	#FFFFFF	44
3952	#FFFFFF	44
3953	#FFFFFF	44
3954	#FFFFFF	44
3955	#FFFFFF	98
3956	#FFFFFF	44
3957	#FFFFFF	98
3958	#FFFFFF	98
3959	#FFFFFF	98
3960	#FFFFFF	2027
3961	#FFFFFF	2027
3962	#FFFFFF	2027
3964	#FFFFFF	44
3965	#FFFFFF	98
3968	#FFFFFF	98
3969	#FFFFFF	1938
3970	#FFFFFF	1938
3971	#FFFFFF	1938
3972	#FFFFFF	1826
3973	#FFFFFF	1826
3976	#FFFFFF	1826
3977	#FFFFFF	1826
3978	#FFFFFF	2201
3979	#FFFFFF	98
3981	#FFFFFF	28
3982	#FFFFFF	28
3983	#FFFFFF	28
3984	#FFFFFF	28
3987	#FFFFFF	44
3988	#FFFFFF	44
3989	#FFFFFF	98
3991	#FFFFFF	44
3992	#FFFFFF	44
3993	#FFFFFF	98
3994	#FFFFFF	98
3995	#FFFFFF	98
3996	#FFFFFF	98
3997	#FFFFFF	98
3998	#FFFFFF	44
3999	#FFFFFF	44
4000	#FFFFFF	44
4001	#FFFFFF	44
4002	#FFFFFF	44
4003	#FFFFFF	44
4004	#FFFFFF	44
4005	#FFFFFF	44
4006	#FFFFFF	44
4007	#FFFFFF	44
4008	#FFFFFF	98
4009	#FFFFFF	98
4010	#FFFFFF	2027
4011	#FFFFFF	98
4012	#FFFFFF	98
4013	#FFFFFF	98
4014	#FFFFFF	98
4020	#FFFFFF	1938
4021	#FFFFFF	1938
4022	#FFFFFF	1938
4023	#FFFFFF	1826
4024	#FFFFFF	1826
4025	#FFFFFF	44
4028	#FFFFFF	2201
4029	#FFFFFF	98
4031	#FFFFFF	28
4033	#FFFFFF	28
4034	#FFFFFF	28
4036	#FFFFFF	44
4038	#FFFFFF	98
4039	#FFFFFF	98
4040	#FFFFFF	98
4042	#FFFFFF	44
4043	#FFFFFF	116
4044	#FFFFFF	553
4046	#FFFFFF	28
4047	#FFFFFF	28
4048	#FFFFFF	28
4049	#FFFFFF	28
4050	#FFFFFF	28
4051	#FFFFFF	28
4052	#FFFFFF	28
4053	#FFFFFF	28
4054	#FFFFFF	116
4055	#FFFFFF	28
4056	#FFFFFF	28
4057	#FFFFFF	28
4058	#FFFFFF	1959
4059	#FFFFFF	1959
4060	#FFFFFF	28
4061	#FFFFFF	28
4062	#FFFFFF	28
4063	#FFFFFF	28
4064	#FFFFFF	28
4065	#FFFFFF	116
4066	#FFFFFF	28
4067	#FFFFFF	28
4068	#FFFFFF	28
4069	#FFFFFF	28
4070	#FFFFFF	28
4071	#FFFFFF	378
4072	#FFFFFF	28
4074	#FFFFFF	28
4075	#FFFFFF	28
4076	#FFFFFF	1761
4077	#FFFFFF	28
4078	#FFFFFF	28
4079	#FFFFFF	28
4080	#FFFFFF	28
4081	#FFFFFF	28
4082	#FFFFFF	28
4083	#FFFFFF	28
4084	#FFFFFF	28
4085	#FFFFFF	28
4087	#FFFFFF	44
4088	#FFFFFF	1001
4089	#FFFFFF	44
4090	#FFFFFF	553
4091	#FFFFFF	553
4093	#FFFFFF	116
4094	#FFFFFF	116
4095	#FFFFFF	553
4096	#FFFFFF	28
4097	#FFFFFF	28
4098	#FFFFFF	28
4099	#FFFFFF	28
4100	#FFFFFF	28
4101	#FFFFFF	28
4102	#FFFFFF	28
4103	#FFFFFF	28
4104	#FFFFFF	28
4105	#FFFFFF	116
4106	#FFFFFF	28
4107	#FFFFFF	28
4108	#FFFFFF	28
4109	#FFFFFF	28
4110	#FFFFFF	1959
4111	#FFFFFF	28
4112	#FFFFFF	28
4113	#FFFFFF	28
4114	#FFFFFF	28
4115	#FFFFFF	28
4116	#FFFFFF	1761
4117	#FFFFFF	28
4118	#FFFFFF	28
4119	#FFFFFF	28
4120	#FFFFFF	28
4121	#FFFFFF	378
4122	#FFFFFF	378
4123	#FFFFFF	28
4125	#FFFFFF	28
4126	#FFFFFF	28
4127	#FFFFFF	44
4129	#FFFFFF	28
4130	#FFFFFF	28
4131	#FFFFFF	28
4132	#FFFFFF	28
4133	#FFFFFF	28
4134	#FFFFFF	28
4135	#FFFFFF	28
4136	#FFFFFF	28
4137	#FFFFFF	44
4138	#FFFFFF	44
4140	#FFFFFF	44
4141	#FFFFFF	44
4143	#FFFFFF	44
4144	#FFFFFF	44
4145	#FFFFFF	553
4146	#FFFFFF	553
4147	#FFFFFF	28
4148	#FFFFFF	28
4149	#FFFFFF	28
4150	#FFFFFF	28
4151	#FFFFFF	28
4152	#FFFFFF	28
4153	#FFFFFF	28
4154	#FFFFFF	28
4155	#FFFFFF	116
4156	#FFFFFF	28
4157	#FFFFFF	28
4158	#FFFFFF	28
4159	#FFFFFF	28
4160	#FFFFFF	1959
4161	#FFFFFF	1959
4162	#FFFFFF	28
4163	#FFFFFF	28
4164	#FFFFFF	28
4165	#FFFFFF	28
4166	#FFFFFF	116
4167	#FFFFFF	28
4168	#FFFFFF	28
4169	#FFFFFF	28
4170	#FFFFFF	28
4171	#FFFFFF	28
4172	#FFFFFF	378
4173	#FFFFFF	378
4174	#FFFFFF	378
4175	#FFFFFF	28
4176	#FFFFFF	28
4177	#FFFFFF	1761
4178	#FFFFFF	28
4179	#FFFFFF	28
4180	#FFFFFF	28
4181	#FFFFFF	28
4182	#FFFFFF	28
4183	#FFFFFF	28
4184	#FFFFFF	28
4185	#FFFFFF	28
4186	#FFFFFF	28
4188	#FFFFFF	44
4189	#FFFFFF	44
4190	#FFFFFF	553
4191	#FFFFFF	44
4192	#FFFFFF	44
4193	#FFFFFF	44
4194	#FFFFFF	44
4195	#FFFFFF	1761
4196	#FFFFFF	553
4197	#FFFFFF	28
4198	#FFFFFF	28
4199	#FFFFFF	28
4200	#FFFFFF	28
4201	#FFFFFF	28
4202	#FFFFFF	28
4203	#FFFFFF	28
4204	#FFFFFF	28
4205	#FFFFFF	28
4206	#FFFFFF	1761
4207	#FFFFFF	28
4208	#FFFFFF	28
4209	#FFFFFF	28
4210	#FFFFFF	28
4211	#FFFFFF	28
4212	#FFFFFF	28
4213	#FFFFFF	28
4214	#FFFFFF	28
4215	#FFFFFF	28
4216	#FFFFFF	28
4217	#FFFFFF	116
4218	#FFFFFF	28
4219	#FFFFFF	28
4220	#FFFFFF	28
4221	#FFFFFF	28
4222	#FFFFFF	28
4223	#FFFFFF	28
4224	#FFFFFF	378
4225	#FFFFFF	28
4226	#FFFFFF	28
4227	#FFFFFF	28
4228	#FFFFFF	1761
4229	#FFFFFF	28
4231	#FFFFFF	28
4232	#FFFFFF	28
4233	#FFFFFF	28
4234	#FFFFFF	28
4235	#FFFFFF	28
4236	#FFFFFF	28
4237	#FFFFFF	28
4238	#FFFFFF	44
4239	#FFFFFF	44
4240	#FFFFFF	44
4241	#FFFFFF	44
4242	#FFFFFF	553
4244	#FFFFFF	44
4245	#FFFFFF	44
4246	#FFFFFF	553
4247	#FFFFFF	28
4248	#FFFFFF	28
4249	#FFFFFF	28
4250	#FFFFFF	28
4251	#FFFFFF	28
4252	#FFFFFF	28
4253	#FFFFFF	28
4254	#FFFFFF	28
4255	#FFFFFF	28
4256	#FFFFFF	1761
4257	#FFFFFF	28
4258	#FFFFFF	28
4259	#FFFFFF	28
4260	#FFFFFF	28
4261	#FFFFFF	28
4262	#FFFFFF	28
4263	#FFFFFF	28
4264	#FFFFFF	28
4265	#FFFFFF	28
4266	#FFFFFF	28
4267	#FFFFFF	1761
4268	#FFFFFF	28
4269	#FFFFFF	28
4270	#FFFFFF	28
4271	#FFFFFF	28
4272	#FFFFFF	378
4273	#FFFFFF	28
4274	#FFFFFF	378
4275	#FFFFFF	378
4276	#FFFFFF	28
4278	#FFFFFF	1761
4279	#FFFFFF	378
4280	#FFFFFF	28
4281	#FFFFFF	28
4282	#FFFFFF	28
4283	#FFFFFF	28
4284	#FFFFFF	28
4285	#FFFFFF	28
4286	#FFFFFF	28
4287	#FFFFFF	28
4289	#FFFFFF	44
4290	#FFFFFF	44
4291	#FFFFFF	44
4292	#FFFFFF	553
4293	#FFFFFF	553
4294	#FFFFFF	44
4295	#FFFFFF	44
4296	#FFFFFF	44
4297	#FFFFFF	553
4298	#FFFFFF	28
4299	#FFFFFF	28
4300	#FFFFFF	28
4301	#FFFFFF	28
4302	#FFFFFF	28
4303	#FFFFFF	28
4304	#FFFFFF	28
4305	#FFFFFF	28
4306	#FFFFFF	28
4307	#FFFFFF	44
4308	#FFFFFF	28
4309	#FFFFFF	28
4310	#FFFFFF	28
4311	#FFFFFF	28
4312	#FFFFFF	28
4313	#FFFFFF	28
4314	#FFFFFF	28
4315	#FFFFFF	28
4316	#FFFFFF	28
4317	#FFFFFF	28
4318	#FFFFFF	1761
4319	#FFFFFF	28
4320	#FFFFFF	28
4321	#FFFFFF	28
4322	#FFFFFF	28
4323	#FFFFFF	378
4324	#FFFFFF	378
4325	#FFFFFF	378
4326	#FFFFFF	28
4327	#FFFFFF	28
4328	#FFFFFF	378
4329	#FFFFFF	44
4330	#FFFFFF	378
4331	#FFFFFF	378
4332	#FFFFFF	378
4333	#FFFFFF	28
4334	#FFFFFF	28
4335	#FFFFFF	378
4336	#FFFFFF	28
4337	#FFFFFF	28
4338	#FFFFFF	28
4339	#FFFFFF	44
4340	#FFFFFF	44
4341	#FFFFFF	44
4342	#FFFFFF	553
4343	#FFFFFF	553
4346	#FFFFFF	44
4347	#FFFFFF	553
4348	#FFFFFF	553
4349	#FFFFFF	553
4350	#FFFFFF	28
4351	#FFFFFF	28
4352	#FFFFFF	28
4353	#FFFFFF	28
4354	#FFFFFF	28
4355	#FFFFFF	28
4356	#FFFFFF	28
4357	#FFFFFF	44
4358	#FFFFFF	28
4359	#FFFFFF	28
4360	#FFFFFF	28
4361	#FFFFFF	28
4362	#FFFFFF	28
4363	#FFFFFF	28
4364	#FFFFFF	28
4365	#FFFFFF	28
4366	#FFFFFF	28
4367	#FFFFFF	28
4368	#FFFFFF	1761
4369	#FFFFFF	28
4370	#FFFFFF	28
4371	#FFFFFF	378
4372	#FFFFFF	28
4373	#FFFFFF	378
4374	#FFFFFF	378
4375	#FFFFFF	378
4376	#FFFFFF	28
4377	#FFFFFF	378
4378	#FFFFFF	378
4381	#FFFFFF	378
4382	#FFFFFF	378
4383	#FFFFFF	653
4384	#FFFFFF	378
4385	#FFFFFF	378
4386	#FFFFFF	28
4387	#FFFFFF	28
4388	#FFFFFF	28
4392	#FFFFFF	553
4393	#FFFFFF	553
4394	#FFFFFF	553
4395	#FFFFFF	44
4396	#FFFFFF	44
4397	#FFFFFF	44
4398	#FFFFFF	553
4399	#FFFFFF	553
4400	#FFFFFF	28
4401	#FFFFFF	28
4402	#FFFFFF	28
4403	#FFFFFF	28
4404	#FFFFFF	28
4405	#FFFFFF	28
4406	#FFFFFF	28
4407	#FFFFFF	28
4408	#FFFFFF	44
4409	#FFFFFF	28
4410	#FFFFFF	28
4411	#FFFFFF	28
4412	#FFFFFF	28
4413	#FFFFFF	28
4414	#FFFFFF	28
4415	#FFFFFF	28
4416	#FFFFFF	28
4417	#FFFFFF	28
4418	#FFFFFF	28
4419	#FFFFFF	44
4420	#FFFFFF	28
4421	#FFFFFF	28
4422	#FFFFFF	378
4423	#FFFFFF	28
4424	#FFFFFF	28
4425	#FFFFFF	378
4426	#FFFFFF	378
4427	#FFFFFF	378
4428	#FFFFFF	378
4429	#FFFFFF	378
4430	#FFFFFF	44
4431	#FFFFFF	378
4435	#FFFFFF	378
4436	#FFFFFF	378
4437	#FFFFFF	28
4438	#FFFFFF	28
4439	#FFFFFF	28
4440	#FFFFFF	44
4441	#FFFFFF	44
4442	#FFFFFF	553
4443	#FFFFFF	553
4444	#FFFFFF	553
4446	#FFFFFF	44
4447	#FFFFFF	44
4448	#FFFFFF	553
4449	#FFFFFF	28
4450	#FFFFFF	553
4451	#FFFFFF	28
4452	#FFFFFF	28
4453	#FFFFFF	28
4454	#FFFFFF	28
4455	#FFFFFF	28
4456	#FFFFFF	28
4457	#FFFFFF	28
4458	#FFFFFF	44
4459	#FFFFFF	28
4460	#FFFFFF	28
4461	#FFFFFF	28
4462	#FFFFFF	28
4463	#FFFFFF	28
4464	#FFFFFF	28
4465	#FFFFFF	28
4466	#FFFFFF	28
4467	#FFFFFF	28
4468	#FFFFFF	28
4469	#FFFFFF	44
4470	#FFFFFF	28
4471	#FFFFFF	28
4472	#FFFFFF	378
4473	#FFFFFF	378
4474	#FFFFFF	28
4475	#FFFFFF	28
4476	#FFFFFF	378
4477	#FFFFFF	378
4478	#FFFFFF	378
4479	#FFFFFF	378
4480	#FFFFFF	44
4481	#FFFFFF	378
4483	#FFFFFF	378
4484	#FFFFFF	378
4485	#FFFFFF	653
4486	#FFFFFF	378
4487	#FFFFFF	28
4489	#FFFFFF	28
4491	#FFFFFF	44
4492	#FFFFFF	44
4493	#FFFFFF	44
4494	#FFFFFF	553
4495	#FFFFFF	553
4496	#FFFFFF	44
4497	#FFFFFF	44
4499	#FFFFFF	553
4500	#FFFFFF	28
4501	#FFFFFF	28
4502	#FFFFFF	28
4503	#FFFFFF	28
4504	#FFFFFF	28
4505	#FFFFFF	28
4506	#FFFFFF	28
4507	#FFFFFF	28
4508	#FFFFFF	28
4509	#FFFFFF	44
4510	#FFFFFF	28
4511	#FFFFFF	28
4512	#FFFFFF	28
4513	#FFFFFF	28
4514	#FFFFFF	28
4515	#FFFFFF	28
4516	#FFFFFF	28
4517	#FFFFFF	28
4518	#FFFFFF	28
4519	#FFFFFF	28
4521	#FFFFFF	532
4522	#FFFFFF	532
4523	#FFFFFF	532
4524	#FFFFFF	378
4525	#FFFFFF	28
4526	#FFFFFF	378
4527	#FFFFFF	378
4528	#FFFFFF	378
4529	#FFFFFF	378
4530	#FFFFFF	378
4531	#FFFFFF	44
4532	#FFFFFF	378
4534	#FFFFFF	653
4535	#FFFFFF	653
4536	#FFFFFF	653
4537	#FFFFFF	378
4538	#FFFFFF	28
4539	#FFFFFF	28
4540	#FFFFFF	28
4541	#FFFFFF	44
4542	#FFFFFF	44
4543	#FFFFFF	553
4544	#FFFFFF	553
4545	#FFFFFF	553
4547	#FFFFFF	44
4548	#FFFFFF	44
4549	#FFFFFF	1138
4550	#FFFFFF	44
4551	#FFFFFF	44
4552	#FFFFFF	44
4553	#FFFFFF	28
4554	#FFFFFF	28
4555	#FFFFFF	44
4556	#FFFFFF	28
4557	#FFFFFF	28
4558	#FFFFFF	28
4559	#FFFFFF	44
4560	#FFFFFF	28
4561	#FFFFFF	28
4562	#FFFFFF	1959
4563	#FFFFFF	1959
4564	#FFFFFF	1959
4565	#FFFFFF	1959
4566	#FFFFFF	28
4567	#FFFFFF	28
4568	#FFFFFF	599
4569	#FFFFFF	599
4570	#FFFFFF	44
4571	#FFFFFF	599
4572	#FFFFFF	28
4573	#FFFFFF	599
4574	#FFFFFF	28
4575	#FFFFFF	28
4576	#FFFFFF	28
4577	#FFFFFF	28
4578	#FFFFFF	28
4579	#FFFFFF	28
4580	#FFFFFF	28
4581	#FFFFFF	44
4582	#FFFFFF	28
4583	#FFFFFF	191
4584	#FFFFFF	191
4585	#FFFFFF	191
4586	#FFFFFF	28
4587	#FFFFFF	191
4588	#FFFFFF	191
4589	#FFFFFF	28
4590	#FFFFFF	28
4593	#FFFFFF	1138
4594	#FFFFFF	1138
4595	#FFFFFF	1138
4596	#FFFFFF	1138
4597	#FFFFFF	44
4598	#FFFFFF	44
4599	#FFFFFF	44
4600	#FFFFFF	44
4601	#FFFFFF	44
4602	#FFFFFF	44
4603	#FFFFFF	44
4604	#FFFFFF	28
4605	#FFFFFF	44
4606	#FFFFFF	28
4607	#FFFFFF	28
4608	#FFFFFF	28
4609	#FFFFFF	28
4610	#FFFFFF	44
4611	#FFFFFF	28
4612	#FFFFFF	28
4613	#FFFFFF	28
4614	#FFFFFF	28
4615	#FFFFFF	1959
4616	#FFFFFF	28
4617	#FFFFFF	28
4618	#FFFFFF	599
4619	#FFFFFF	599
4620	#FFFFFF	28
4621	#FFFFFF	44
4622	#FFFFFF	28
4623	#FFFFFF	599
4624	#FFFFFF	28
4625	#FFFFFF	28
4626	#FFFFFF	28
4627	#FFFFFF	28
4628	#FFFFFF	28
4629	#FFFFFF	28
4630	#FFFFFF	28
4631	#FFFFFF	28
4633	#FFFFFF	191
4634	#FFFFFF	191
4635	#FFFFFF	191
4636	#FFFFFF	28
4637	#FFFFFF	191
4638	#FFFFFF	191
4639	#FFFFFF	191
4640	#FFFFFF	191
4641	#FFFFFF	191
4643	#FFFFFF	44
4645	#FFFFFF	1138
4646	#FFFFFF	1138
4648	#FFFFFF	44
4649	#FFFFFF	44
4650	#FFFFFF	44
4651	#FFFFFF	44
4652	#FFFFFF	44
4653	#FFFFFF	44
4654	#FFFFFF	44
4655	#FFFFFF	44
4656	#FFFFFF	28
4657	#FFFFFF	28
4658	#FFFFFF	28
4659	#FFFFFF	28
4660	#FFFFFF	44
4661	#FFFFFF	28
4662	#FFFFFF	28
4663	#FFFFFF	28
4664	#FFFFFF	28
4665	#FFFFFF	1959
4666	#FFFFFF	1959
4667	#FFFFFF	1959
4668	#FFFFFF	28
4669	#FFFFFF	28
4670	#FFFFFF	28
4671	#FFFFFF	44
4672	#FFFFFF	28
4673	#FFFFFF	28
4674	#FFFFFF	599
4675	#FFFFFF	28
4677	#FFFFFF	28
4678	#FFFFFF	28
4679	#FFFFFF	28
4680	#FFFFFF	28
4681	#FFFFFF	28
4682	#FFFFFF	44
4683	#FFFFFF	28
4684	#FFFFFF	191
4685	#FFFFFF	191
4686	#FFFFFF	191
4687	#FFFFFF	28
4688	#FFFFFF	191
4689	#FFFFFF	191
4690	#FFFFFF	191
4691	#FFFFFF	191
4693	#FFFFFF	1138
4694	#FFFFFF	44
4695	#FFFFFF	44
4697	#FFFFFF	1138
4698	#FFFFFF	44
4699	#FFFFFF	44
4700	#FFFFFF	44
4701	#FFFFFF	44
4702	#FFFFFF	44
4703	#FFFFFF	44
4704	#FFFFFF	44
4705	#FFFFFF	44
4706	#FFFFFF	44
4707	#FFFFFF	28
4708	#FFFFFF	28
4709	#FFFFFF	28
4710	#FFFFFF	28
4711	#FFFFFF	44
4712	#FFFFFF	28
4713	#FFFFFF	28
4714	#FFFFFF	28
4715	#FFFFFF	28
4716	#FFFFFF	1959
4717	#FFFFFF	1959
4718	#FFFFFF	28
4719	#FFFFFF	28
4720	#FFFFFF	28
4721	#FFFFFF	28
4722	#FFFFFF	44
4723	#FFFFFF	28
4724	#FFFFFF	28
4725	#FFFFFF	599
4726	#FFFFFF	28
4727	#FFFFFF	599
4728	#FFFFFF	28
4729	#FFFFFF	28
4730	#FFFFFF	28
4731	#FFFFFF	28
4732	#FFFFFF	28
4733	#FFFFFF	1138
4734	#FFFFFF	28
4735	#FFFFFF	191
4736	#FFFFFF	191
4737	#FFFFFF	191
4738	#FFFFFF	191
4739	#FFFFFF	191
4740	#FFFFFF	191
4741	#FFFFFF	191
4742	#FFFFFF	191
4743	#FFFFFF	44
4744	#FFFFFF	44
4745	#FFFFFF	1138
4746	#FFFFFF	1138
4747	#FFFFFF	44
4749	#FFFFFF	44
4751	#FFFFFF	44
4752	#FFFFFF	44
4753	#FFFFFF	44
4754	#FFFFFF	44
4755	#FFFFFF	44
4756	#FFFFFF	28
4757	#FFFFFF	28
4758	#FFFFFF	28
4759	#FFFFFF	28
4760	#FFFFFF	28
4761	#FFFFFF	44
4762	#FFFFFF	28
4763	#FFFFFF	28
4764	#FFFFFF	28
4765	#FFFFFF	28
4766	#FFFFFF	28
4767	#FFFFFF	1959
4768	#FFFFFF	1959
4769	#FFFFFF	28
4770	#FFFFFF	28
4771	#FFFFFF	28
4772	#FFFFFF	44
4773	#FFFFFF	28
4774	#FFFFFF	28
4775	#FFFFFF	599
4776	#FFFFFF	599
4777	#FFFFFF	599
4778	#FFFFFF	28
4779	#FFFFFF	28
4780	#FFFFFF	28
4781	#FFFFFF	28
4782	#FFFFFF	28
4783	#FFFFFF	44
4784	#FFFFFF	28
4785	#FFFFFF	28
4786	#FFFFFF	28
4787	#FFFFFF	191
4788	#FFFFFF	191
4789	#FFFFFF	191
4790	#FFFFFF	191
4791	#FFFFFF	191
4792	#FFFFFF	191
4794	#FFFFFF	44
4797	#FFFFFF	44
4798	#FFFFFF	44
4799	#FFFFFF	44
4800	#FFFFFF	44
4802	#FFFFFF	44
4803	#FFFFFF	44
4804	#FFFFFF	44
4805	#FFFFFF	44
4806	#FFFFFF	28
4807	#FFFFFF	28
4808	#FFFFFF	28
4809	#FFFFFF	28
4810	#FFFFFF	28
4811	#FFFFFF	28
4812	#FFFFFF	44
4813	#FFFFFF	28
4814	#FFFFFF	28
4815	#FFFFFF	1959
4816	#FFFFFF	1959
4817	#FFFFFF	28
4818	#FFFFFF	1959
4819	#FFFFFF	28
4820	#FFFFFF	28
4821	#FFFFFF	28
4822	#FFFFFF	28
4823	#FFFFFF	44
4824	#FFFFFF	28
4825	#FFFFFF	599
4826	#FFFFFF	599
4827	#FFFFFF	599
4828	#FFFFFF	599
4829	#FFFFFF	28
4830	#FFFFFF	28
4831	#FFFFFF	28
4832	#FFFFFF	28
4833	#FFFFFF	28
4834	#FFFFFF	44
4835	#FFFFFF	28
4836	#FFFFFF	28
4837	#FFFFFF	191
4838	#FFFFFF	191
4839	#FFFFFF	599
4840	#FFFFFF	191
4841	#FFFFFF	191
4842	#FFFFFF	191
4843	#FFFFFF	191
4844	#FFFFFF	44
4845	#FFFFFF	1138
4846	#FFFFFF	44
4847	#FFFFFF	44
4848	#FFFFFF	44
4850	#FFFFFF	44
4851	#FFFFFF	44
4852	#FFFFFF	44
4853	#FFFFFF	44
4854	#FFFFFF	25
4855	#FFFFFF	25
4856	#FFFFFF	28
4857	#FFFFFF	28
4858	#FFFFFF	28
4859	#FFFFFF	28
4860	#FFFFFF	28
4861	#FFFFFF	28
4862	#FFFFFF	44
4863	#FFFFFF	28
4864	#FFFFFF	28
4865	#FFFFFF	28
4866	#FFFFFF	1959
4867	#FFFFFF	1959
4868	#FFFFFF	1959
4869	#FFFFFF	28
4870	#FFFFFF	28
4871	#FFFFFF	28
4872	#FFFFFF	28
4873	#FFFFFF	44
4874	#FFFFFF	28
4875	#FFFFFF	599
4876	#FFFFFF	28
4877	#FFFFFF	599
4878	#FFFFFF	599
4879	#FFFFFF	599
4880	#FFFFFF	28
4881	#FFFFFF	28
4882	#FFFFFF	28
4883	#FFFFFF	28
4884	#FFFFFF	44
4885	#FFFFFF	28
4886	#FFFFFF	28
4887	#FFFFFF	191
4888	#FFFFFF	191
4889	#FFFFFF	191
4890	#FFFFFF	599
4891	#FFFFFF	191
4892	#FFFFFF	191
4893	#FFFFFF	191
4895	#FFFFFF	44
4896	#FFFFFF	44
4897	#FFFFFF	44
4898	#FFFFFF	44
4899	#FFFFFF	44
4900	#FFFFFF	44
4901	#FFFFFF	44
4902	#FFFFFF	44
4903	#FFFFFF	25
4904	#FFFFFF	25
4905	#FFFFFF	25
4906	#FFFFFF	28
4907	#FFFFFF	28
4908	#FFFFFF	28
4909	#FFFFFF	28
4910	#FFFFFF	28
4911	#FFFFFF	28
4912	#FFFFFF	28
4913	#FFFFFF	44
4914	#FFFFFF	28
4915	#FFFFFF	28
4916	#FFFFFF	28
4917	#FFFFFF	1959
4918	#FFFFFF	1959
4919	#FFFFFF	1959
4920	#FFFFFF	28
4921	#FFFFFF	28
4922	#FFFFFF	28
4923	#FFFFFF	28
4924	#FFFFFF	44
4925	#FFFFFF	28
4926	#FFFFFF	28
4927	#FFFFFF	28
4928	#FFFFFF	599
4929	#FFFFFF	599
4930	#FFFFFF	28
4931	#FFFFFF	28
4932	#FFFFFF	28
4933	#FFFFFF	28
4934	#FFFFFF	28
4935	#FFFFFF	44
4936	#FFFFFF	28
4937	#FFFFFF	599
4938	#FFFFFF	191
4939	#FFFFFF	599
4940	#FFFFFF	599
4941	#FFFFFF	191
4942	#FFFFFF	191
4943	#FFFFFF	191
4944	#FFFFFF	191
4945	#FFFFFF	44
4946	#FFFFFF	44
4947	#FFFFFF	44
4948	#FFFFFF	44
4949	#FFFFFF	44
4951	#FFFFFF	44
4952	#FFFFFF	44
4953	#FFFFFF	25
4954	#FFFFFF	25
4955	#FFFFFF	25
4956	#FFFFFF	28
4957	#FFFFFF	28
4958	#FFFFFF	25
4959	#FFFFFF	25
4960	#FFFFFF	25
4961	#FFFFFF	25
4962	#FFFFFF	25
4963	#FFFFFF	44
4964	#FFFFFF	28
4965	#FFFFFF	28
4966	#FFFFFF	28
4967	#FFFFFF	1959
4968	#FFFFFF	1959
4969	#FFFFFF	1959
4970	#FFFFFF	28
4971	#FFFFFF	28
4972	#FFFFFF	28
4973	#FFFFFF	28
4974	#FFFFFF	44
4975	#FFFFFF	28
4977	#FFFFFF	28
4978	#FFFFFF	599
4979	#FFFFFF	28
4980	#FFFFFF	599
4981	#FFFFFF	28
4982	#FFFFFF	28
4983	#FFFFFF	28
4984	#FFFFFF	599
4985	#FFFFFF	44
4986	#FFFFFF	599
4987	#FFFFFF	599
4988	#FFFFFF	599
4989	#FFFFFF	599
4990	#FFFFFF	599
4991	#FFFFFF	191
4992	#FFFFFF	191
4993	#FFFFFF	191
4994	#FFFFFF	191
4996	#FFFFFF	44
4997	#FFFFFF	44
4998	#FFFFFF	44
4999	#FFFFFF	44
5000	#FFFFFF	25
5001	#FFFFFF	44
5002	#FFFFFF	44
5003	#FFFFFF	44
5004	#FFFFFF	25
5005	#FFFFFF	25
5006	#FFFFFF	25
5007	#FFFFFF	28
5008	#FFFFFF	25
5009	#FFFFFF	25
5010	#FFFFFF	25
5011	#FFFFFF	25
5012	#FFFFFF	25
5013	#FFFFFF	28
5014	#FFFFFF	44
5015	#FFFFFF	28
5016	#FFFFFF	28
5017	#FFFFFF	28
5018	#FFFFFF	1959
5019	#FFFFFF	1959
5020	#FFFFFF	1959
5021	#FFFFFF	28
5022	#FFFFFF	28
5023	#FFFFFF	28
5024	#FFFFFF	28
5025	#FFFFFF	44
5026	#FFFFFF	28
5027	#FFFFFF	28
5028	#FFFFFF	28
5029	#FFFFFF	28
5030	#FFFFFF	599
5031	#FFFFFF	28
5032	#FFFFFF	28
5033	#FFFFFF	28
5034	#FFFFFF	599
5035	#FFFFFF	599
5036	#FFFFFF	44
5037	#FFFFFF	599
5038	#FFFFFF	599
5039	#FFFFFF	599
5040	#FFFFFF	599
5041	#FFFFFF	191
5042	#FFFFFF	191
5043	#FFFFFF	191
5044	#FFFFFF	191
5045	#FFFFFF	191
5046	#FFFFFF	44
5047	#FFFFFF	44
5048	#FFFFFF	44
5049	#FFFFFF	44
5050	#FFFFFF	25
5052	#FFFFFF	44
5053	#FFFFFF	44
5054	#FFFFFF	25
5055	#FFFFFF	25
5056	#FFFFFF	25
5057	#FFFFFF	25
5058	#FFFFFF	25
5059	#FFFFFF	25
5060	#FFFFFF	25
5061	#FFFFFF	25
5062	#FFFFFF	25
5063	#FFFFFF	25
5064	#FFFFFF	44
5065	#FFFFFF	28
5066	#FFFFFF	28
5067	#FFFFFF	28
5068	#FFFFFF	1959
5069	#FFFFFF	28
5070	#FFFFFF	1959
5071	#FFFFFF	28
5072	#FFFFFF	28
5073	#FFFFFF	28
5074	#FFFFFF	28
5075	#FFFFFF	44
5076	#FFFFFF	28
5077	#FFFFFF	28
5078	#FFFFFF	28
5079	#FFFFFF	28
5080	#FFFFFF	599
5081	#FFFFFF	28
5082	#FFFFFF	599
5083	#FFFFFF	599
5084	#FFFFFF	28
5085	#FFFFFF	599
5086	#FFFFFF	44
5087	#FFFFFF	599
5088	#FFFFFF	191
5089	#FFFFFF	191
5090	#FFFFFF	599
5091	#FFFFFF	599
5092	#FFFFFF	191
5093	#FFFFFF	191
5094	#FFFFFF	191
5095	#FFFFFF	191
5097	#FFFFFF	44
5098	#FFFFFF	44
5099	#FFFFFF	44
5100	#FFFFFF	44
5101	#FFFFFF	44
