x	y	showSelected1
2.79028516403324	1.58496250072116	1
3.84559409316002	3.16992500144231	2
3.22401481137286	2	3
3.84676995353722	3.16992500144231	4
4.02279940451169	3.58496250072116	5
2.97680833733807	1	6
3.34183005692051	2.32192809488736	7
3.39741854235135	1.58496250072116	8
2.73559889969818	1	9
2.37106786227174	1	10
3.89248417936469	3.32192809488736	11
3.65030752313194	2.8073549220576	12
3.37069809257558	2	13
3.07151380509509	1.58496250072116	14
1.61278385671974	0	15
2.56348108539441	1	16
3.85186960072977	2.58496250072116	17
3.75633176732106	3	18
3.2523675144599	2	19
3.6018427897821	2.58496250072116	20
4.01131664336687	3.32192809488736	21
3.24919835739111	2	22
2.41161970596323	2	23
2.40312052117582	1.58496250072116	24
3.24674470972384	2	25
2.56702636615906	1	26
2.22530928172586	0	27
3.57065967002153	2.32192809488736	28
3.21669359916975	2	29
2.39967372148104	1	30
3.95932764597217	3.16992500144231	31
2.57978359661681	1	32
2.91009054559407	1	33
1.67209785793572	2	34
3.32097667734282	2.8073549220576	35
2.03742649794062	0	36
3.74004672405149	2.58496250072116	37
2.53655844257153	1.58496250072116	38
2.71011736511182	0	39
2.62838893005031	0	40
2.60745502321467	1	41
2.8561244442423	0	42
1.73239375982297	0	43
4.27167900597442	4.39231742277876	44
3.62961344537818	3	45
2.95036485437612	1	46
3.91439605212979	3.16992500144231	47
2.41830129131975	1	48
2.44247976906445	1	49
2.94051648493257	1	50
4.09363177682895	3.90689059560852	51
4.19664588678709	3.32192809488736	52
2.8318697742805	1.58496250072116	53
2.79934054945358	1	54
1.91907809237607	0	55
3.50852971897129	2.58496250072116	56
3.47899913167336	2	57
3.26316246496222	2.32192809488736	58
2.79379038469082	1	59
3.54095480892613	2.8073549220576	60
2.39269695325967	0	61
1.94939000664491	0	62
3.73854274092879	3.16992500144231	63
3.54257647626053	3	64
2.77085201164214	1	65
2.89652621748956	1.58496250072116	66
4.03710763266793	3.58496250072116	67
2.59659709562646	2	68
3.36604920980024	2.32192809488736	69
3.43328968519503	2	70
3.30813737863804	1.58496250072116	71
3.73407940728059	2.58496250072116	72
2.28780172993023	1	73
3.45863784902565	2.58496250072116	74
2.60745502321467	1	75
2.65321251377534	1.58496250072116	76
2.51321760006794	0	77
1.78532983501077	0	78
3.06145247908719	2	79
2.90471554527868	1	80
2.94200805302231	1.58496250072116	81
2.73319726510657	1	82
2.72015930340596	0	83
3.02448566769917	2	84
4.40716987648371	4.52356195605701	85
2.01283722470517	1	86
1.75587485567249	0	87
2.45484486000851	1.58496250072116	88
1.98227123303957	0	89
3.44746813094976	2.32192809488736	90
3.05880548667591	1	91
2.85369821177617	1	92
2.4345689040342	0	93
3.16820274684263	1	94
3.54666602507018	2	95
1.64345267648619	1	96
2.60745502321467	2.32192809488736	97
3.62838893005031	2.8073549220576	98
3.94051648493257	3.32192809488736	99
2.55144999797288	1	100
2.51587384371168	1	101
2.1430148002541	0	102
3.17926446433903	2	103
3.27760921430409	2.32192809488736	104
3.20411998265593	1.58496250072116	105
2.44404479591808	1.58496250072116	106
2.4996870826184	1	107
3.58455736052568	2.32192809488736	108
2.67942789661212	2	109
2.11058971029925	0	110
1.99563519459755	1	111
3.38703370128236	2.32192809488736	112
3.32139127831169	2.32192809488736	113
1.75587485567249	0	114
2.82412583391655	1	115
1.66275783168157	1	116
2.13987908640124	1	117
2.69897000433602	1.58496250072116	118
3.7469454096151	2	119
2.62940959910272	1	120
2.19589965240923	1	121
2.66651798055488	1	122
3.07114529045108	2	123
2.79588001734408	1	124
3.39164070349239	2	125
2.46834733041216	1	126
2.34635297445064	1.58496250072116	127
3.40654018043396	3.8073549220576	128
3.6376898191184	2	129
2.92116605063774	2	130
3.52672686731464	2.32192809488736	131
3.7199938263676	2.8073549220576	132
2.91381385238372	1.58496250072116	133
2.23299611039215	1	134
2.41161970596323	1	135
2.66558099101795	2	136
3.21031851982623	2.32192809488736	137
2.90471554527868	1.58496250072116	138
3.10957854690439	1.58496250072116	139
2.63144376901317	2	140
2.31175386105575	1	141
2.2380461031288	1.58496250072116	142
2.52762990087134	1	143
2.15836249209525	1	144
2.87448181769947	1	145
1.9912260756925	1	146
1.94448267215017	1	147
2.47421626407626	1	148
3.38129562300383	2	149
2.44715803134222	0	150
2.02118929906994	1	151
1.86923171973098	1.58496250072116	152
3.62293896921149	2.8073549220576	153
2.12057393120585	1	154
1.95424250943932	1	155
2.73719264270474	1	156
1.83884909073726	0	157
2.63346845557959	0	158
2.8819549713396	1	159
1.54406804435028	0	160
3.31848072517452	1	161
2.23299611039215	1	162
2.61172330800734	2	163
2.96567197122011	1	164
2.27646180417324	1	165
0.845098040014257	0	166
2.15836249209525	0	167
3.28375338333253	2	168
2.72181061521255	1.58496250072116	169
1.68124123737559	0	170
2.81424759573192	1.58496250072116	171
1.64345267648619	0	172
2.09691001300806	0	173
1.80617997398389	1	174
1.91907809237607	1	175
2.15228834438306	1	176
2.2148438480477	0	177
2.32014628611105	1	178
2.98000337158375	2	179
2.66086547800387	0	180
1.39794000867204	0	181
3.82917507391709	3.16992500144231	182
2.30319605742049	1	183
2.81624129999178	1	184
2.40654018043396	1	185
2.52891670027765	2	186
1.20411998265592	0	187
3.21669359916975	1.58496250072116	188
1.9912260756925	0	189
2.61278385671974	2	190
3.02284061087653	2	191
3.00860017176192	1.58496250072116	192
3.40088321554836	2	193
2.51454775266029	2	194
2.12710479836481	1	195
2.06445798922692	1	196
2.80685802951882	1	197
2.62940959910272	1.58496250072116	198
3.09096307659573	1.58496250072116	199
2.74350976472843	2	200
2.19589965240923	1	201
0.778151250383644	0	202
2.17026171539496	1	203
2.53529412004277	0	204
1.23044892137827	0	205
1.54406804435028	0	206
3.08206693428511	1	207
3.49954962590515	2	208
1.72427586960079	0	209
3.35679046035172	2.58496250072116	210
2.02938377768521	1	211
2.21218760440396	0	212
2.59659709562646	1	213
2.67851837904011	0	214
2.37839790094814	0	215
2.77597433112937	1	216
2.53529412004277	1	217
3.65552259625342	2.8073549220576	218
3.13893394025692	1	219
2.7160033436348	1.58496250072116	220
1.81291335664286	1	221
2.26007138798507	1	222
1.85733249643127	1	223
2.31597034545692	1	224
3.12188798510368	2.8073549220576	225
1.8750612633917	0	226
2.58883172559421	0	227
3.02407498730743	1.58496250072116	228
2.52113808370404	1	229
1.67209785793572	1	230
3.18864729599972	2	231
2.40823996531185	1	232
2.63748972951251	1	233
2.69983772586725	0	234
2.99343623049761	1	235
2.91009054559407	1	236
3.44808766669234	2.32192809488736	237
2.73798732633343	1	238
2.46089784275655	1	239
2.34635297445064	0	240
2.13353890837022	0	241
2.51851393987789	2	242
1.64345267648619	0	243
2.61909333062674	1.58496250072116	244
3.09025805293132	3.16992500144231	245
2.91855453055027	1	246
2.3384564936046	1	247
3.13481437032046	2	248
2.27415784926368	1	249
2.35602585719312	1	250
2.50650503240487	0	251
2.45484486000851	1.58496250072116	252
2.86391737695786	1.58496250072116	253
2.48713837547719	0	254
3.76200296937512	2.58496250072116	255
3.33162971762993	2	256
1.91907809237607	1	257
2.48287358360875	1.58496250072116	258
2.9329808219232	2	259
3.19562294358694	1.58496250072116	260
2.67209785793572	2	261
2.01703333929878	1	262
1.50514997831991	0	263
2.48287358360875	0	264
2.42651126136458	0	265
2.47275644931721	0	266
2.84757265914211	1	267
2.29446622616159	1	268
1.85733249643127	0	269
2.67669360962487	2	270
2.88817949391833	2	271
2.58994960132571	0	272
2.45484486000851	0	273
3.00902574208691	1	274
2.13033376849501	1	275
1.99563519459755	1	276
2.39445168082622	1	277
2.52891670027765	1	278
1.80617997398389	0	279
2.95568775031351	1	280
2.49692964807322	0	281
1.90848501887865	0	282
1.64345267648619	1	283
2.75966784468963	1.58496250072116	284
4.21248058772137	3.90689059560852	285
3.14983469671579	1	286
2.66086547800387	1	287
2.40823996531185	2	288
2.06069784035361	0	289
1.57978359661681	0	290
2.51054501020661	1.58496250072116	291
2.75815462196739	2	292
1.75587485567249	0	293
2.18752072083646	1.58496250072116	294
1.98677173426624	1	295
3.17231096852195	1.58496250072116	296
1.94448267215017	0	297
2.29446622616159	1	298
2.02118929906994	0	299
3.28035069304601	2.32192809488736	300
2.07918124604762	0	301
1.93951925261862	0	302
2.18184358794477	1.58496250072116	303
2.53019969820308	0	304
3.28239550474253	1.58496250072116	305
2.57403126772772	1	306
2.18752072083646	0	307
2.22010808804006	0	308
2.42160392686983	1	309
2.72509452108147	1	310
1.86332286012046	0	311
2.89209460269048	1	312
2.2148438480477	0	313
1.47712125471966	0	314
1.79239168949825	1.58496250072116	315
1.44715803134222	2	316
2.45484486000851	1.58496250072116	317
2.8481891169914	1	318
1.49136169383427	0	319
2.49554433754645	1	320
2.78318869107526	1	321
2.27415784926368	1.58496250072116	322
1.82607480270083	0	323
2.35024801833416	1	324
3.81324730089761	2.8073549220576	325
3.09760432887441	1	326
2.49554433754645	0	327
2.8494194137969	2	328
2.11394335230684	0	329
2.66931688056611	0	330
1.72427586960079	0	331
2.3541084391474	1	332
1.17609125905568	0	333
2.09342168516224	1	334
2.53907609879278	0	335
1.86332286012046	1.58496250072116	336
2.02530586526477	0	337
2.16136800223497	0	338
1.63346845557959	1	339
1.38021124171161	1	340
1.69019608002851	1	341
3.20601587676334	2	342
2.18184358794477	1	343
1.32221929473392	0	344
1.25527250510331	0	345
2.19589965240923	1	346
1.78532983501077	1	347
2.20951501454263	1.58496250072116	348
3.02530586526477	2	349
2.15533603746506	0	350
1.66275783168157	0	351
2.31386722036915	0	352
2.15228834438306	0	353
2.13353890837022	1	354
1.88649072517248	0	355
1.82607480270083	0	356
1.53147891704226	1	357
2.39269695325967	1	358
2.03342375548695	0	359
1.47712125471966	0	360
2.15836249209525	0	361
1.32221929473392	1	362
2.94546858513182	0	363
3.17782497186468	2	364
2.83505610172012	0	365
2.56584781867352	1	366
2.53781909507327	2	367
2.34044411484012	1	368
1.90308998699194	0	369
2.35793484700045	1.58496250072116	370
1.38021124171161	0	371
2.25767857486918	1.58496250072116	372
1.46239799789896	1	373
1.68124123737559	1	374
1.51851393987789	0	375
2.63346845557959	1	376
2.31597034545692	0	377
2.21748394421391	0	378
1.85125834871908	0	379
1.92427928606188	0	380
2.3747483460101	1	381
2.63042787502502	1	382
2.27646180417324	2	383
1.30102999566398	0	384
3.41979058610636	2.58496250072116	385
2.99166900737995	2	386
1.65321251377534	0	387
2.02530586526477	0	388
1.88649072517248	1	389
1.81954393554187	0	390
1.67209785793572	0	391
1.23044892137827	0	392
1.84509804001426	0	393
1.51851393987789	0	394
2.38916608436453	1	395
3.39532639306935	2	396
2.43616264704076	2	397
1.64345267648619	0	398
2.65417654187796	1.58496250072116	399
1.93951925261862	1	400
2.98272338766855	2	401
1.8750612633917	1	402
2.19589965240923	1	403
1.27875360095283	0	404
1.60205999132796	0	405
1.93449845124357	0	406
1.92941892571429	0	407
1.54406804435028	1	408
1.43136376415899	0	409
1.81954393554187	0	410
2.00432137378264	0	411
2	0	412
1.49136169383427	0	413
2.8228216453031	1	414
2.32428245529769	0	415
2.22271647114758	0	416
2.19589965240923	0	417
1.39794000867204	0	418
1.53147891704226	0	419
2.08278537031645	0	420
2.27646180417324	1	421
3.68930885912362	2.58496250072116	422
2.55630250076729	0	423
1.50514997831991	0	424
3.03140846425162	1	425
2.87621784059164	1	426
1.76342799356294	0	427
2.12057393120585	0	428
1.36172783601759	0	429
3.29928933408768	2.32192809488736	430
1.91907809237607	0	431
2.78390357927274	1.58496250072116	432
2.29446622616159	1	433
2.22530928172586	1	434
2.13353890837022	1	435
1.9912260756925	0	436
1.95904139232109	0	437
1.5910646070265	0	438
1.25527250510331	1	439
2.29885307640971	1	440
2.04921802267018	0	441
2.29885307640971	0	442
1.92941892571429	0	443
1.74036268949424	0	444
2.47856649559384	0	445
2.75204844781944	1	446
1.7160033436348	0	447
2.41995574848976	1	448
1.81291335664286	0	449
3.24551266781415	1.58496250072116	450
3.29994290002277	2.58496250072116	451
1.61278385671974	1	452
1.23044892137827	0	453
2.38201704257487	1	454
1.94939000664491	0	455
1.55630250076729	0	456
1.9912260756925	1	457
2.91115760873998	1	458
2.42324587393681	1	459
1.38021124171161	0	460
2.39967372148104	1	461
3.49526674438781	2.58496250072116	462
2.43136376415899	1	463
2.26717172840301	1	464
1.77815125038364	0	465
2.16731733474818	2	466
2.11394335230684	0	467
3.33745926129066	2	468
2.76863810124761	1	469
2.11058971029925	1	470
1.30102999566398	0	471
1.65321251377534	0	472
2.32221929473392	0	473
3.22968184231768	2	474
2.65417654187796	1	475
1.04139268515822	0	476
1.7481880270062	0	477
1.54406804435028	1	478
2.75511226639507	1	479
2.25042000230889	0	480
2.17897694729317	0	481
1.57978359661681	1	482
3.28914283593233	2	483
2.56937390961505	0	484
2.52762990087134	1	485
2.13353890837022	0	486
1.63346845557959	0	487
2.58433122436753	0	488
1.99563519459755	0	489
2.68574173860226	0	490
2.63648789635337	0	491
0.903089986991944	0	492
2.37106786227174	1	493
1.85125834871908	0	494
1.8750612633917	0	495
2.11058971029925	1.58496250072116	496
2.44247976906445	1.58496250072116	497
2.06818586174616	0	498
1.85733249643127	1	499
1.85125834871908	0	500
1.43136376415899	0	501
1.70757017609794	1	502
2.60530504614111	1.58496250072116	503
1.94939000664491	0	504
1.25527250510331	0	505
2.14921911265538	1	506
1.65321251377534	0	507
2.37657695705651	0	508
1.55630250076729	0	509
2.23552844690755	0	510
0.845098040014257	0	511
1.5910646070265	1	512
1.44715803134222	0	513
2.78816837114117	1	514
3.18127177155946	2	515
1.99563519459755	1	516
2.46834733041216	1	517
1.44715803134222	1	518
1.69897000433602	0	519
2.23044892137827	0	520
2.49136169383427	2	521
2.03742649794062	1.58496250072116	522
2.92992956008459	1.58496250072116	523
1.14612803567824	0	524
1.36172783601759	0	525
1.27875360095283	0	526
2	0	527
1.39794000867204	0	528
3.02118929906994	2	529
1.14612803567824	0	530
1.78532983501077	0	531
2.16731733474818	0	532
2.14921911265538	1	533
1.50514997831991	0	534
1.47712125471966	0	535
1.85733249643127	0	536
1.53147891704226	0	537
1.53147891704226	0	538
2.12385164096709	1	539
1.85733249643127	0	540
2.03342375548695	0	541
1.74036268949424	0	542
2.3747483460101	0	543
1.70757017609794	1	544
1.7160033436348	0	545
2.45788189673399	0	546
1.57978359661681	0	547
2.77597433112937	0	548
2.88252453795488	2	549
2.15228834438306	1	550
2.63548374681491	0	551
1.44715803134222	0	552
2.35793484700045	1	553
1.51851393987789	1	554
1.568201724067	0	555
2.7481880270062	2	556
2.33445375115093	0	557
1.91907809237607	0	558
1.30102999566398	1	559
2.6159500516564	1	560
2.95472479097906	2	561
1.69897000433602	0	562
2.92064500140679	2	563
1.78532983501077	0	564
2.40823996531185	1	565
2.01283722470517	1	566
1.49136169383427	1	567
2.31597034545692	1	568
3.11859536522376	2.32192809488736	569
2.20682587603185	1	570
3.48713837547719	2.58496250072116	571
2.54157924394658	1	572
1.63346845557959	1	573
2.2718416065365	0	574
2.20139712432045	0	575
2.43616264704076	1	576
1.27875360095283	1	577
1.76342799356294	0	578
0.778151250383644	0	579
2.1430148002541	2	580
2.28103336724773	1	581
1.69019608002851	1	582
2.31386722036915	0	583
2.76937732607614	1.58496250072116	584
2.17897694729317	0	585
1.14612803567824	0	586
1.54406804435028	1	587
3.44310645673727	2	588
3.36977228859696	2	589
1.568201724067	0	590
1.67209785793572	0	591
1.75587485567249	0	592
2.11394335230684	0	593
1.36172783601759	0	594
1.92941892571429	0	595
1.7481880270062	1	596
1.79239168949825	0	597
1.69897000433602	0	598
2.32633586092875	1	599
2.31386722036915	1.58496250072116	600
3.05499586152914	1	601
0.954242509439325	0	602
1.6232492903979	0	603
1.66275783168157	1.58496250072116	604
1.51851393987789	0	605
1.69897000433602	0	606
2.39445168082622	1	607
1.76342799356294	0	608
1.65321251377534	0	609
2.12385164096709	1	610
2.11394335230684	0	611
2.10380372095596	1	612
1.79934054945358	0	613
1.83250891270624	0	614
1.51851393987789	0	615
1.57978359661681	0	616
1.47712125471966	0	617
2.32428245529769	1	618
2.10720996964787	0	619
0.845098040014257	1	620
1.568201724067	0	621
2.47421626407626	1	622
1.43136376415899	0	623
1.5910646070265	0	624
1.57978359661681	0	625
1.72427586960079	0	626
1.77815125038364	1	627
0.954242509439325	0	628
1.7160033436348	0	629
0.954242509439325	0	630
1.60205999132796	0	631
1.44715803134222	0	632
2.21218760440396	1	633
1.04139268515822	0	634
1.70757017609794	0	635
1.11394335230684	1	636
1.39794000867204	0	637
2.04921802267018	1	638
1.47712125471966	0	639
2.94645226501307	0	640
1.90848501887865	0	641
2.57403126772772	1	642
2.02530586526477	0	643
1.82607480270083	1.58496250072116	644
2.87390159786446	1	645
2.24797326636181	1	646
1.38021124171161	0	647
1.27875360095283	0	648
1.84509804001426	0	649
1.51851393987789	0	650
1.68124123737559	0	651
1.70757017609794	0	652
1.65321251377534	0	653
0.301029995663981	0	654
1.60205999132796	0	655
1.50514997831991	0	656
1.69019608002851	1	657
1.07918124604762	0	658
1.07918124604762	0	659
1.68124123737559	0	660
2.2148438480477	1	661
1.53147891704226	1	662
2.46389298898591	0	663
1.49136169383427	0	664
1.34242268082221	0	665
1.85125834871908	0	666
2	0	667
1.73239375982297	0	668
1.70757017609794	1	669
1.11394335230684	0	670
1.30102999566398	0	671
1.61278385671974	1	672
1.70757017609794	0	673
2.1846914308176	0	674
2.04139268515823	1.58496250072116	675
1.69897000433602	1.58496250072116	676
1.46239799789896	0	677
1.568201724067	0	678
1.76342799356294	0	679
1.7160033436348	0	680
1.25527250510331	0	681
2.26481782300954	1	682
2.02938377768521	1	683
1.07918124604762	1	684
1.54406804435028	1	685
1.20411998265592	0	686
1.34242268082221	1	687
1.17609125905568	0	688
1.43136376415899	0	689
1.68124123737559	0	690
2.41664050733828	1	691
1.69019608002851	0	692
1.92427928606188	0	693
1.57978359661681	1	694
1.69019608002851	1	695
2.56229286445647	2	696
1.20411998265592	0	697
2.3541084391474	0	698
1.51851393987789	0	699
1.23044892137827	0	700
1.7160033436348	0	701
1.04139268515822	1	702
1	0	703
2.85793526471943	2	704
1.70757017609794	0	705
1.60205999132796	1	706
1.92941892571429	1	707
0.698970004336019	0	708
1.34242268082221	0	709
0.778151250383644	0	710
1.88649072517248	1	711
2.28103336724773	0	712
1.14612803567824	0	713
1.36172783601759	0	714
1.96848294855394	0	715
2.57634135020579	0	716
1.79934054945358	0	717
1.17609125905568	0	718
2.19033169817029	1	719
2.29003461136252	1	720
1.43136376415899	1	721
1.34242268082221	0	722
1.47712125471966	0	723
1.07918124604762	0	724
1.63346845557959	0	725
1.30102999566398	1	726
2.31175386105575	1	727
2.26951294421792	1.58496250072116	728
2.86510397464113	1	729
1.73239375982297	0	730
1.44715803134222	1	731
1.73239375982297	0	732
3.81663894489846	2.58496250072116	733
1.75587485567249	1	734
1.54406804435028	0	735
1.30102999566398	0	736
1.36172783601759	1	737
2.05307844348342	0	738
1.49136169383427	0	739
1.20411998265592	0	740
1.25527250510331	0	741
1.54406804435028	1	742
1.25527250510331	0	743
2.23044892137827	0	744
1.41497334797082	0	745
2.37657695705651	0	746
2.55022835305509	0	747
1.85125834871908	0	748
1.91381385238372	1	749
1.36172783601759	1	750
1.44715803134222	0	751
1.96848294855394	0	752
1.30102999566398	1	753
2.25042000230889	1	754
2.29225607135648	1	755
2.00432137378264	0	756
1.44715803134222	0	757
1.73239375982297	0	758
0.845098040014257	0	759
1.23044892137827	0	760
1.34242268082221	0	761
2.45939248775923	0	762
1.70757017609794	0	763
1.88649072517248	1	764
2.69983772586725	1.58496250072116	765
1.96378782734556	1	766
1.39794000867204	0	767
1.38021124171161	0	768
1.63346845557959	0	769
1.41497334797082	0	770
1.41497334797082	0	771
1.82607480270083	0	772
2.80753502806885	2	773
2.43775056282039	2	774
1.60205999132796	0	775
1	0	776
0.698970004336019	0	777
1.69897000433602	0	778
1.65321251377534	0	779
1.23044892137827	1	780
1.9731278535997	0	781
1.55630250076729	1	782
1.27875360095283	0	783
0.698970004336019	0	784
2.02118929906994	0	785
1.38021124171161	0	786
1.39794000867204	0	787
1.17609125905568	0	788
1.04139268515822	0	789
1.93449845124357	1	790
1.32221929473392	0	791
2.62634036737504	2	792
1.9912260756925	1	793
1.68124123737559	1	794
1.46239799789896	0	795
1.11394335230684	0	796
1.81954393554187	0	797
1.07918124604762	0	798
1.32221929473392	0	799
2.41329976408125	0	800
2.3747483460101	1	801
1.11394335230684	0	802
2.0899051114394	0	803
1.17609125905568	0	804
1.60205999132796	0	805
1.41497334797082	1	806
2.13033376849501	0	807
1.51851393987789	0	808
1.20411998265592	0	809
1.60205999132796	1	810
1.49136169383427	0	811
1.43136376415899	0	812
0.903089986991944	0	813
1.47712125471966	0	814
1.36172783601759	0	815
2.44247976906445	0	816
1.25527250510331	0	817
1.568201724067	1	818
1.70757017609794	0	819
1.81954393554187	0	820
1.20411998265592	0	821
1.38021124171161	0	822
2.08635983067475	0	823
2.1430148002541	1	824
1.83250891270624	0	825
1	0	826
1.23044892137827	1	827
1.23044892137827	0	828
0.954242509439325	0	829
1.53147891704226	0	830
2.11394335230684	0	831
1.44715803134222	1	832
2.01703333929878	1	833
1.63346845557959	0	834
2.52633927738984	1	835
1.89762709129044	0	836
0.778151250383644	0	837
1.46239799789896	0	838
1.49136169383427	0	839
2.4996870826184	1	840
2.45484486000851	1	841
2.39967372148104	0	842
2.95999483832842	2.8073549220576	843
2.20411998265593	0	844
1.91907809237607	1	845
2.12385164096709	1	846
1.17609125905568	0	847
1.94448267215017	0	848
1.50514997831991	0	849
1.39794000867204	0	850
0.845098040014257	0	851
1.55630250076729	1	852
2.21218760440396	1	853
1.41497334797082	1	854
1.54406804435028	0	855
2.07188200730613	0	856
1.34242268082221	0	857
2.07188200730613	2.32192809488736	858
1.77815125038364	0	859
1.79934054945358	1	860
1.68124123737559	0	861
1.61278385671974	1	862
1.90848501887865	0	863
2.23299611039215	0	864
1.72427586960079	1	865
2.05690485133647	1	866
1.53147891704226	0	867
2	0	868
2.11394335230684	1	869
1.83884909073726	0	870
1.63346845557959	0	871
1.25527250510331	0	872
1.74036268949424	1	873
1.25527250510331	0	874
1.34242268082221	0	875
1.27875360095283	0	876
1	0	877
1.57978359661681	0	878
1.49136169383427	0	879
1.5910646070265	0	880
2.10720996964787	0	881
1.49136169383427	0	882
2.04139268515823	0	883
1.07918124604762	0	884
1.70757017609794	0	885
1.39794000867204	0	886
1.38021124171161	0	887
1.47712125471966	0	888
1.20411998265592	0	889
1.89209460269048	0	890
1.46239799789896	0	891
1.41497334797082	1	892
1.5910646070265	0	893
2.56702636615906	1	894
0.903089986991944	0	895
1.79934054945358	0	896
2.03742649794062	0	897
1.17609125905568	0	898
1	0	899
1.70757017609794	0	900
1.88081359228079	0	901
1.55630250076729	0	902
3.13097669160562	1	903
1.36172783601759	0	904
2.54900326202579	1	905
0.954242509439325	0	906
1.81291335664286	0	907
1.6232492903979	1	908
1.47712125471966	0	909
1.60205999132796	0	910
0.903089986991944	0	911
2.83314711191279	1.58496250072116	912
2.3654879848909	3	913
1.41497334797082	0	914
1.65321251377534	1	915
1.60205999132796	0	916
2.2718416065365	0	917
1.07918124604762	0	918
1.07918124604762	0	919
1.14612803567824	0	920
1.64345267648619	0	921
0.698970004336019	0	922
0.698970004336019	0	923
2.14921911265538	1	924
2.16435285578444	0	925
1.39794000867204	0	926
1.30102999566398	0	927
1.14612803567824	0	928
2.91907809237607	1	929
2.13353890837022	1	930
1.32221929473392	0	931
1.76342799356294	0	932
2.14921911265538	0	933
1.53147891704226	0	934
0.778151250383644	0	935
2.49276038902684	1	936
1.68124123737559	1	937
2.13353890837022	0	938
1.43136376415899	1	939
1.68124123737559	1.58496250072116	940
2.45178643552429	1	941
1.9912260756925	0	942
1.46239799789896	1	943
1.27875360095283	0	944
1.27875360095283	0	945
1.47712125471966	0	946
1.41497334797082	1	947
1.76342799356294	0	948
1.66275783168157	0	949
1.25527250510331	1	950
0.903089986991944	0	951
0.903089986991944	0	952
1.63346845557959	0	953
0.698970004336019	0	954
1.25527250510331	0	955
0.954242509439325	0	956
1.98677173426624	0	957
1.86332286012046	1	958
1.07918124604762	1	959
1.41497334797082	0	960
1.17609125905568	1	961
1.14612803567824	0	962
2.34830486304816	1	963
2.19865708695442	0	964
1.57978359661681	0	965
0.954242509439325	0	966
1.7160033436348	1	967
1.73239375982297	1	968
2.58092497567562	1	969
1.27875360095283	0	970
2.5327543789925	1.58496250072116	971
1.8750612633917	0	972
0.698970004336019	0	973
1.64345267648619	1	974
1.11394335230684	0	975
1.67209785793572	1	976
2.12710479836481	0	977
1.74036268949424	0	978
1.88649072517248	0	979
1.20411998265592	0	980
1.39794000867204	0	981
1.36172783601759	0	982
1.17609125905568	0	983
1.30102999566398	0	984
1.78532983501077	0	985
2.00860017176192	0	986
2.54777470538782	1.58496250072116	987
1.66275783168157	0	988
1.7481880270062	1	989
1.04139268515822	0	990
1.11394335230684	0	991
2.19589965240923	1	992
1.14612803567824	0	993
1.7481880270062	0	994
1.32221929473392	1	995
1.50514997831991	0	996
1.07918124604762	0	997
1.17609125905568	1	998
0.602059991327962	0	999
1.65321251377534	1	1000
1.20411998265592	0	1001
1.38021124171161	0	1002
1	0	1003
1.91381385238372	1	1004
1.85733249643127	0	1005
1	0	1006
1.83884909073726	0	1007
1.17609125905568	0	1008
1.11394335230684	1	1009
1	0	1010
0.477121254719662	0	1011
1.53147891704226	1	1012
1.9731278535997	0	1013
1.04139268515822	1	1014
1.51851393987789	0	1015
1.23044892137827	0	1016
2.13033376849501	0	1017
0.778151250383644	0	1018
1.17609125905568	1	1019
1.14612803567824	0	1020
1.5910646070265	0	1021
1.25527250510331	0	1022
1.27875360095283	0	1023
0.778151250383644	0	1024
1.49136169383427	1	1025
2.06069784035361	0	1026
1.32221929473392	0	1027
1.93951925261862	0	1028
2.32837960343874	1	1029
1.41497334797082	1	1030
1.55630250076729	0	1031
1.14612803567824	0	1032
1.07918124604762	0	1033
1.04139268515822	0	1034
3.37984917876283	2	1035
1.27875360095283	0	1036
1.61278385671974	1	1037
1.11394335230684	1	1038
1	0	1039
1.73239375982297	0	1040
1.44715803134222	0	1041
2.17026171539496	1	1042
1.30102999566398	0	1043
1.25527250510331	0	1044
2.23299611039215	0	1045
1.81954393554187	0	1046
1.76342799356294	0	1047
1.43136376415899	0	1048
2.11727129565576	1	1049
1.32221929473392	0	1050
0.602059991327962	0	1051
1.73239375982297	0	1052
1.95424250943932	0	1053
1.23044892137827	0	1054
2.29003461136252	0	1055
2.11727129565576	0	1056
2.56110138364906	0	1057
1.88649072517248	0	1058
2.19589965240923	1.58496250072116	1059
1.98227123303957	0	1060
1.46239799789896	0	1061
1.5910646070265	1	1062
0.778151250383644	0	1063
1.17609125905568	0	1064
1.49136169383427	0	1065
1.39794000867204	1	1066
2.37291200297011	0	1067
1.47712125471966	1	1068
0.477121254719662	0	1069
1.93449845124357	1	1070
1.07918124604762	0	1071
1.20411998265592	0	1072
1.50514997831991	0	1073
0.602059991327962	0	1074
0.845098040014257	0	1075
1.61278385671974	0	1076
1.27875360095283	0	1077
1.34242268082221	2	1078
1.41497334797082	0	1079
2.02530586526477	1.58496250072116	1080
1.63346845557959	1	1081
1.38021124171161	0	1082
1.39794000867204	1	1083
1.89209460269048	1	1084
1.50514997831991	1	1085
2.12710479836481	0	1086
1.27875360095283	0	1087
1.77085201164214	0	1088
1.88081359228079	0	1089
0.845098040014257	0	1090
1.49136169383427	0	1091
1.07918124604762	0	1092
1.50514997831991	1	1093
1.17609125905568	0	1094
1.20411998265592	0	1095
1.85733249643127	1	1096
3.13861843389949	2	1097
2.60314437262018	0	1098
2.2405492482826	1	1099
1.5910646070265	0	1100
1.77815125038364	1	1101
1.90308998699194	0	1102
0.778151250383644	0	1103
0.954242509439325	1	1104
0.698970004336019	0	1105
1.74036268949424	1	1106
1.27875360095283	0	1107
0.954242509439325	0	1108
1.14612803567824	0	1109
1.32221929473392	0	1110
1.14612803567824	0	1111
2.50105926221775	1	1112
1.74036268949424	1	1113
1.27875360095283	0	1114
1.41497334797082	0	1115
2.19589965240923	1	1116
0.845098040014257	0	1117
1.5910646070265	0	1118
0.602059991327962	0	1119
2.07918124604762	0	1120
1.69897000433602	0	1121
2.4456042032736	0	1122
2.09691001300806	1	1123
0.954242509439325	0	1124
1.54406804435028	1	1125
1.25527250510331	0	1126
1	0	1127
1.77815125038364	0	1128
1.77085201164214	0	1129
1.30102999566398	0	1130
1.92941892571429	0	1131
1.20411998265592	0	1132
1.60205999132796	0	1133
1.50514997831991	0	1134
1.34242268082221	0	1135
1.66275783168157	0	1136
2.24303804868629	1	1137
1.34242268082221	0	1138
2.17897694729317	0	1139
1.36172783601759	0	1140
0.778151250383644	1	1141
2.88986172125819	2	1142
2.58092497567562	1	1143
2.50105926221775	1	1144
1.30102999566398	0	1145
1.43136376415899	1	1146
0.778151250383644	0	1147
1.61278385671974	1	1148
2.31806333496276	1	1149
1.54406804435028	0	1150
2.34635297445064	1.58496250072116	1151
1.41497334797082	1	1152
1.69897000433602	0	1153
1.32221929473392	0	1154
1.7160033436348	0	1155
1.25527250510331	0	1156
0.845098040014257	0	1157
0.602059991327962	0	1158
1.30102999566398	0	1159
1.67209785793572	0	1160
1.6232492903979	1	1161
1.07918124604762	0	1162
1.6232492903979	1	1163
1.51851393987789	0	1164
1.54406804435028	0	1165
1.49136169383427	0	1166
1.41497334797082	1	1167
1.82607480270083	0	1168
1.81954393554187	1	1169
1.9912260756925	1	1170
2.1846914308176	0	1171
1.53147891704226	0	1172
1.11394335230684	0	1173
0.845098040014257	0	1174
1.6232492903979	0	1175
1.92427928606188	0	1176
2.04139268515823	0	1177
2.10037054511756	1	1178
1.49136169383427	0	1179
1	0	1180
1.07918124604762	0	1181
1.32221929473392	0	1182
1.38021124171161	0	1183
1.36172783601759	0	1184
1.11394335230684	0	1185
1.11394335230684	0	1186
1.49136169383427	0	1187
0.602059991327962	0	1188
2.19865708695442	1	1189
1.89209460269048	0	1190
0.698970004336019	0	1191
2.14921911265538	0	1192
1.36172783601759	0	1193
1.07918124604762	0	1194
1.76342799356294	1	1195
1.46239799789896	0	1196
1	0	1197
1.25527250510331	1	1198
1.44715803134222	0	1199
2.71432975974523	2	1200
0.954242509439325	0	1201
2.44715803134222	0	1202
1.07918124604762	0	1203
1.07918124604762	0	1204
1.47712125471966	0	1205
1.83250891270624	0	1206
2.10380372095596	0	1207
1.38021124171161	0	1208
1.04139268515822	0	1209
1.69019608002851	0	1210
1.07918124604762	1	1211
1.25527250510331	0	1212
1.23044892137827	0	1213
1.14612803567824	0	1214
2.18184358794477	0	1215
1.89762709129044	1	1216
1.39794000867204	0	1217
1.57978359661681	0	1218
0.903089986991944	0	1219
0.954242509439325	0	1220
2.29003461136252	0	1221
1.5910646070265	0	1222
1.73239375982297	0	1223
1.36172783601759	0	1224
1.69019608002851	0	1225
1.68124123737559	0	1226
0.954242509439325	0	1227
1.38021124171161	0	1228
1.92941892571429	1	1229
0.903089986991944	0	1230
1.04139268515822	0	1231
1.6232492903979	1	1232
1.30102999566398	0	1233
1.25527250510331	0	1234
1.73239375982297	1	1235
1.04139268515822	0	1236
1.55630250076729	0	1237
1.69897000433602	1	1238
1.47712125471966	0	1239
1.23044892137827	1	1240
1.67209785793572	1	1241
0.778151250383644	0	1242
1.32221929473392	0	1243
1.07918124604762	0	1244
1.63346845557959	0	1245
1.39794000867204	0	1246
1.25527250510331	0	1247
2.47129171105894	1	1248
0.778151250383644	1	1249
2.27415784926368	1	1250
0.477121254719662	0	1251
0.602059991327962	0	1252
1.49136169383427	1.58496250072116	1253
0.698970004336019	0	1254
0.903089986991944	0	1255
0.778151250383644	0	1256
1	0	1257
1.30102999566398	0	1258
0	0	1259
0.903089986991944	0	1260
1.14612803567824	0	1261
1.32221929473392	0	1262
1.68124123737559	1	1263
1.79934054945358	0	1264
1.8750612633917	1	1265
1.11394335230684	1	1266
1.88081359228079	0	1267
0.778151250383644	0	1268
1.25527250510331	1	1269
0.301029995663981	0	1270
1.17609125905568	0	1271
0.477121254719662	0	1272
1.14612803567824	0	1273
1.57978359661681	0	1274
1.61278385671974	1	1275
1.70757017609794	1	1276
1.95424250943932	1	1277
1.77815125038364	0	1278
1.60205999132796	0	1279
1.04139268515822	0	1280
1.90848501887865	0	1281
0.778151250383644	0	1282
0.602059991327962	1	1283
1.07918124604762	0	1284
1.47712125471966	1	1285
1.27875360095283	0	1286
0.845098040014257	0	1287
1.23044892137827	0	1288
0.477121254719662	0	1289
0.845098040014257	0	1290
2.69460519893357	1	1291
1.8750612633917	0	1292
0.602059991327962	0	1293
0.778151250383644	1	1294
0.954242509439325	0	1295
1.7481880270062	0	1296
1.17609125905568	0	1297
0.602059991327962	0	1298
0.602059991327962	0	1299
0.602059991327962	0	1300
1.11394335230684	0	1301
1.32221929473392	0	1302
0.602059991327962	0	1303
0.845098040014257	0	1304
1.50514997831991	0	1305
1.39794000867204	0	1306
1	0	1307
1	1	1308
1.27875360095283	1	1309
0.845098040014257	0	1310
1	0	1311
1.51851393987789	0	1312
1.85733249643127	0	1313
1.11394335230684	0	1314
1.07918124604762	0	1315
1.23044892137827	0	1316
1.04139268515822	0	1317
1.43136376415899	1	1318
1.43136376415899	1	1319
2.00432137378264	0	1320
1.39794000867204	0	1321
1.30102999566398	1	1322
0.477121254719662	0	1323
0.698970004336019	0	1324
0.778151250383644	0	1325
1.04139268515822	0	1326
2.38916608436453	0	1327
1.27875360095283	0	1328
0.903089986991944	0	1329
1.07918124604762	0	1330
1.14612803567824	1	1331
2.65224634100332	1	1332
1.04139268515822	0	1333
0.698970004336019	0	1334
0.954242509439325	0	1335
0.778151250383644	0	1336
1.91907809237607	1	1337
1.23044892137827	0	1338
1.64345267648619	1	1339
1	1	1340
0.903089986991944	1	1341
0.954242509439325	0	1342
1.47712125471966	0	1343
0.903089986991944	0	1344
0.845098040014257	0	1345
1.04139268515822	0	1346
0.602059991327962	0	1347
1.32221929473392	1	1348
1.04139268515822	1	1349
2.19865708695442	1	1350
1.67209785793572	0	1351
0.778151250383644	0	1352
1.11394335230684	1	1353
1.04139268515822	0	1354
0.778151250383644	0	1355
1.44715803134222	0	1356
0.778151250383644	0	1357
2.19589965240923	0	1358
1.60205999132796	0	1359
1.36172783601759	0	1360
0.698970004336019	0	1361
1.04139268515822	0	1362
1.17609125905568	0	1363
0.778151250383644	0	1364
1	0	1365
2.0899051114394	0	1366
1.32221929473392	0	1367
1.67209785793572	0	1368
1.20411998265592	0	1369
1.86923171973098	0	1370
0.778151250383644	0	1371
0.845098040014257	0	1372
1.27875360095283	0	1373
1.25527250510331	1	1374
0.602059991327962	0	1375
1.79239168949825	1	1376
1.94448267215017	1	1377
0.903089986991944	0	1378
1.14612803567824	1	1379
0.845098040014257	0	1380
0.778151250383644	0	1381
0.698970004336019	0	1382
1.43136376415899	0	1383
1.32221929473392	0	1384
0.477121254719662	0	1385
0.845098040014257	0	1386
2.3654879848909	1	1387
1	0	1388
1.38021124171161	0	1389
1.04139268515822	1	1390
0.301029995663981	0	1391
1.41497334797082	0	1392
1.57978359661681	0	1393
1.07918124604762	1	1394
0.698970004336019	0	1395
1	0	1396
1.36172783601759	0	1397
1.32221929473392	1	1398
1.61278385671974	0	1399
1.568201724067	1	1400
1.36172783601759	1	1401
1.57978359661681	1	1402
1.34242268082221	0	1403
1.20411998265592	0	1404
1.11394335230684	0	1405
0.778151250383644	0	1406
0.602059991327962	0	1407
2.43775056282039	0	1408
1.80617997398389	0	1409
0.778151250383644	0	1410
1.43136376415899	1	1411
0.903089986991944	0	1412
1.65321251377534	0	1413
1.04139268515822	0	1414
1.49136169383427	1	1415
0.477121254719662	0	1416
1.67209785793572	1	1417
1.61278385671974	1	1418
1.64345267648619	0	1419
0	0	1420
0.778151250383644	0	1421
0	0	1422
1.17609125905568	0	1423
0.778151250383644	0	1424
0.903089986991944	0	1425
1.30102999566398	0	1426
0.954242509439325	0	1427
1.32221929473392	1	1428
0.602059991327962	0	1429
0.301029995663981	0	1430
0.698970004336019	0	1431
1.30102999566398	0	1432
1.79934054945358	0	1433
1.39794000867204	0	1434
0.698970004336019	0	1435
0.778151250383644	0	1436
1.5910646070265	1	1437
1.57978359661681	0	1438
1.17609125905568	1	1439
1.36172783601759	0	1440
1.32221929473392	1	1441
2.17897694729317	1	1442
1.25527250510331	0	1443
0.903089986991944	1	1444
1.23044892137827	0	1445
0.698970004336019	0	1446
1.04139268515822	0	1447
0.477121254719662	0	1448
1.17609125905568	1	1449
0.602059991327962	0	1450
2.07918124604762	0	1451
1.20411998265592	0	1452
1.17609125905568	0	1453
1.04139268515822	0	1454
1.568201724067	1	1455
1.34242268082221	0	1456
1.23044892137827	0	1457
1.34242268082221	0	1458
3.72378393696533	2.58496250072116	1459
1.7160033436348	0	1460
2.26245108973043	1	1461
0.698970004336019	0	1462
0.903089986991944	0	1463
0	0	1464
1.50514997831991	0	1465
1.91907809237607	0	1466
0.602059991327962	0	1467
1.68124123737559	0	1468
1.11394335230684	0	1469
1.89762709129044	0	1470
0.602059991327962	0	1471
0.903089986991944	0	1472
1.20411998265592	0	1473
1.25527250510331	0	1474
0.602059991327962	0	1475
0.845098040014257	0	1476
1.568201724067	0	1477
2.20682587603185	0	1478
0.698970004336019	0	1479
1.63346845557959	0	1480
1.04139268515822	1	1481
0.602059991327962	0	1482
0.845098040014257	0	1483
1.60205999132796	0	1484
0.602059991327962	0	1485
1.43136376415899	1	1486
1.32221929473392	0	1487
0.845098040014257	0	1488
1.83250891270624	0	1489
1.07918124604762	0	1490
1.68124123737559	1	1491
1.44715803134222	0	1492
0.602059991327962	0	1493
2.10720996964787	1	1494
0.698970004336019	1	1495
0.845098040014257	0	1496
0.301029995663981	0	1497
1.38021124171161	1	1498
1.6232492903979	0	1499
1.25527250510331	0	1500
0.778151250383644	0	1501
1.27875360095283	0	1502
0.778151250383644	0	1503
0.778151250383644	0	1504
0.698970004336019	0	1505
1.04139268515822	0	1506
0.602059991327962	1	1507
1.11394335230684	0	1508
1.83250891270624	0	1509
1.04139268515822	0	1510
1.27875360095283	0	1511
1.82607480270083	0	1512
1.32221929473392	0	1513
1.5910646070265	0	1514
1.73239375982297	1	1515
1.04139268515822	0	1516
1.17609125905568	0	1517
1.39794000867204	0	1518
1.11394335230684	0	1519
1.77815125038364	2	1520
1.39794000867204	0	1521
1.30102999566398	0	1522
0.845098040014257	0	1523
1.11394335230684	1	1524
1.91907809237607	0	1525
1.25527250510331	0	1526
1.49136169383427	0	1527
1.38021124171161	0	1528
1.04139268515822	0	1529
1.79934054945358	1	1530
1.32221929473392	0	1531
1.20411998265592	0	1532
1.53147891704226	0	1533
1.78532983501077	0	1534
1.79934054945358	1	1535
1.568201724067	1	1536
1.44715803134222	0	1537
1.95904139232109	0	1538
1.43136376415899	0	1539
1.30102999566398	1	1540
1.14612803567824	0	1541
1.20411998265592	1	1542
1.07918124604762	0	1543
1.32221929473392	1.58496250072116	1544
0.698970004336019	0	1545
0.602059991327962	0	1546
0.903089986991944	0	1547
1.07918124604762	1	1548
1.53147891704226	0	1549
1.17609125905568	0	1550
1.11394335230684	0	1551
1.49136169383427	1	1552
1.04139268515822	0	1553
1.30102999566398	0	1554
0.845098040014257	0	1555
1.46239799789896	1	1556
1.85125834871908	0	1557
1.61278385671974	0	1558
1.27875360095283	1	1559
1.04139268515822	0	1560
0.845098040014257	1	1561
1.61278385671974	1	1562
1	0	1563
0.477121254719662	0	1564
2.29003461136252	0	1565
1.23044892137827	0	1566
0.954242509439325	0	1567
1.43136376415899	1	1568
1.04139268515822	0	1569
1.43136376415899	0	1570
1.34242268082221	0	1571
1.6232492903979	0	1572
2.06445798922692	0	1573
0.845098040014257	0	1574
0.778151250383644	1	1575
0	0	1576
0.477121254719662	0	1577
1.38021124171161	0	1578
1.23044892137827	0	1579
1.14612803567824	1	1580
1.38021124171161	0	1581
0.602059991327962	0	1582
1.41497334797082	1	1583
0.698970004336019	0	1584
1.6232492903979	0	1585
1.25527250510331	0	1586
2.37106786227174	1	1587
1.65321251377534	0	1588
1.92427928606188	0	1589
1.17609125905568	0	1590
0.301029995663981	0	1591
1	0	1592
1.04139268515822	0	1593
1.54406804435028	1	1594
0	0	1595
1.14612803567824	0	1596
1.04139268515822	1	1597
0.845098040014257	1	1598
1.49136169383427	0	1599
2.32428245529769	0	1600
0.602059991327962	0	1601
0.954242509439325	0	1602
1.63346845557959	0	1603
1.51851393987789	0	1604
0.698970004336019	0	1605
1.14612803567824	0	1606
0.698970004336019	0	1607
1.36172783601759	1	1608
1.23044892137827	1	1609
0.903089986991944	0	1610
1.04139268515822	0	1611
1	0	1612
1.27875360095283	0	1613
0.477121254719662	0	1614
1.30102999566398	0	1615
1.5910646070265	0	1616
0.602059991327962	0	1617
1.17609125905568	0	1618
0.778151250383644	0	1619
1.46239799789896	0	1620
0.954242509439325	0	1621
1.17609125905568	0	1622
0.602059991327962	0	1623
0.602059991327962	0	1624
1.60205999132796	1.58496250072116	1625
0.698970004336019	0	1626
0.778151250383644	1	1627
1.76342799356294	0	1628
0.698970004336019	0	1629
0.477121254719662	0	1630
0.778151250383644	1	1631
1.76342799356294	0	1632
1.23044892137827	0	1633
0.778151250383644	0	1634
0.602059991327962	0	1635
1.07918124604762	0	1636
0.477121254719662	0	1637
1.32221929473392	0	1638
2.07918124604762	1	1639
1.23044892137827	0	1640
1.7160033436348	0	1641
0.602059991327962	0	1642
0.698970004336019	0	1643
0.778151250383644	0	1644
1.17609125905568	1	1645
1.38021124171161	0	1646
1.54406804435028	0	1647
0.903089986991944	0	1648
1.60205999132796	0	1649
0.845098040014257	0	1650
0.602059991327962	0	1651
1.11394335230684	0	1652
2.33445375115093	0	1653
1.14612803567824	0	1654
0.954242509439325	0	1655
1.14612803567824	1	1656
0.477121254719662	0	1657
0.903089986991944	0	1658
1.76342799356294	0	1659
1.5910646070265	1	1660
1.20411998265592	0	1661
1.04139268515822	0	1662
2.05690485133647	1	1663
0.477121254719662	0	1664
0.954242509439325	0	1665
1	0	1666
1.49136169383427	0	1667
2.2718416065365	1	1668
2.8998205024271	0	1669
1.04139268515822	1	1670
1.50514997831991	0	1671
0.903089986991944	0	1672
0.698970004336019	0	1673
0.954242509439325	1	1674
1.77815125038364	1	1675
1.27875360095283	0	1676
1.39794000867204	0	1677
1.04139268515822	0	1678
0.602059991327962	0	1679
0.778151250383644	0	1680
1.54406804435028	0	1681
1.17609125905568	1	1682
2.17318626841227	1	1683
1.41497334797082	0	1684
0.954242509439325	0	1685
1.14612803567824	0	1686
1.23044892137827	0	1687
1	0	1688
1.63346845557959	1	1689
1.69897000433602	0	1690
2.13672056715641	1	1691
1.54406804435028	0	1692
1.81954393554187	1	1693
1.46239799789896	0	1694
0.954242509439325	0	1695
1.14612803567824	0	1696
1.20411998265592	0	1697
2.0899051114394	0	1698
2.03742649794062	1	1699
1.11394335230684	0	1700
1.04139268515822	1	1701
0.903089986991944	0	1702
0.845098040014257	0	1703
0.602059991327962	0	1704
0.903089986991944	0	1705
1.14612803567824	0	1706
1.39794000867204	0	1707
1.7481880270062	0	1708
0.845098040014257	0	1709
1.17609125905568	0	1710
0.903089986991944	0	1711
0.698970004336019	0	1712
0.778151250383644	0	1713
1.32221929473392	0	1714
1.04139268515822	0	1715
1.39794000867204	0	1716
0.698970004336019	0	1717
1.04139268515822	0	1718
0.477121254719662	0	1719
0.698970004336019	0	1720
1.49136169383427	0	1721
0.698970004336019	0	1722
1.7481880270062	1	1723
1.07918124604762	0	1724
1.41497334797082	0	1725
1.23044892137827	0	1726
0.698970004336019	1	1727
0.698970004336019	0	1728
0.477121254719662	0	1729
1	0	1730
1.11394335230684	0	1731
1	0	1732
0.602059991327962	0	1733
2.02118929906994	1	1734
1.51851393987789	0	1735
1.27875360095283	0	1736
1.63346845557959	0	1737
1.95424250943932	1	1738
1.78532983501077	0	1739
1.69897000433602	0	1740
1.76342799356294	0	1741
1.11394335230684	1	1742
0.602059991327962	0	1743
1.49136169383427	0	1744
0.954242509439325	0	1745
0.778151250383644	0	1746
1.07918124604762	0	1747
0.778151250383644	1	1748
0.698970004336019	0	1749
1.25527250510331	0	1750
0.602059991327962	0	1751
1.17609125905568	0	1752
0.477121254719662	0	1753
0.903089986991944	0	1754
0.903089986991944	0	1755
0.698970004336019	0	1756
1.72427586960079	0	1757
0.845098040014257	0	1758
1.04139268515822	0	1759
0.778151250383644	0	1760
1.11394335230684	0	1761
0.954242509439325	0	1762
1.20411998265592	0	1763
0.698970004336019	0	1764
1.11394335230684	0	1765
1.11394335230684	0	1766
1.34242268082221	0	1767
0.698970004336019	0	1768
1	0	1769
1.32221929473392	1	1770
0.954242509439325	0	1771
0.845098040014257	0	1772
1.04139268515822	0	1773
0.698970004336019	0	1774
0.477121254719662	0	1775
0.301029995663981	0	1776
1.38021124171161	0	1777
0.903089986991944	0	1778
0.602059991327962	0	1779
0.778151250383644	0	1780
1.69019608002851	0	1781
0.778151250383644	0	1782
0.477121254719662	0	1783
0.778151250383644	0	1784
1.43136376415899	0	1785
1.23044892137827	1	1786
1.23044892137827	1	1787
1.04139268515822	0	1788
1.55630250076729	0	1789
0.954242509439325	0	1790
1.34242268082221	1	1791
1.43136376415899	0	1792
1.9912260756925	0	1793
1.23044892137827	0	1794
2.12385164096709	0	1795
0.477121254719662	0	1796
1.41497334797082	1.58496250072116	1797
0.845098040014257	0	1798
1.25527250510331	0	1799
1.50514997831991	0	1800
0.845098040014257	0	1801
1.11394335230684	0	1802
0.477121254719662	0	1803
1.11394335230684	0	1804
0.698970004336019	0	1805
1.79239168949825	0	1806
2.31597034545692	2	1807
0.903089986991944	0	1808
1.6232492903979	0	1809
0.698970004336019	0	1810
1.14612803567824	0	1811
0.301029995663981	0	1812
1.39794000867204	1	1813
1.94939000664491	1	1814
2.10380372095596	1	1815
0.698970004336019	0	1816
0.698970004336019	1	1817
1.23044892137827	0	1818
0.845098040014257	1	1819
0.903089986991944	1	1820
1.07918124604762	1	1821
1.04139268515822	0	1822
1.86332286012046	2	1823
0.602059991327962	0	1824
1.04139268515822	1	1825
1.41497334797082	1	1826
1.5910646070265	1	1827
0.477121254719662	0	1828
1.94448267215017	0	1829
1.30102999566398	1	1830
1.23044892137827	0	1831
0.602059991327962	0	1832
2.24303804868629	1	1833
1.34242268082221	0	1834
1.95424250943932	0	1835
1.04139268515822	0	1836
0.477121254719662	0	1837
1.07918124604762	1	1838
1.25527250510331	0	1839
0.845098040014257	0	1840
0.301029995663981	0	1841
2.32221929473392	0	1842
1	0	1843
1.27875360095283	1	1844
0.477121254719662	0	1845
1.43136376415899	1	1846
1.47712125471966	1	1847
1.17609125905568	0	1848
1.04139268515822	0	1849
1.50514997831991	0	1850
1.66275783168157	0	1851
0.903089986991944	1	1852
1	0	1853
0.301029995663981	0	1854
1.11394335230684	0	1855
0.954242509439325	0	1856
0.602059991327962	0	1857
1.90848501887865	0	1858
0.602059991327962	0	1859
0.477121254719662	1	1860
0.778151250383644	0	1861
1.30102999566398	0	1862
1.69897000433602	0	1863
1.64345267648619	0	1864
2.00860017176192	0	1865
1.74036268949424	1	1866
2.15533603746506	0	1867
2.50650503240487	1.58496250072116	1868
3.41313205043487	2.58496250072116	1869
0.477121254719662	0	1870
0.477121254719662	0	1871
1.98227123303957	0	1872
1.70757017609794	0	1873
0.903089986991944	0	1874
1.14612803567824	0	1875
1.11394335230684	0	1876
1.30102999566398	0	1877
0.477121254719662	0	1878
1.27875360095283	0	1879
1.9731278535997	0	1880
0.954242509439325	0	1881
1.41497334797082	0	1882
2.33041377334919	0	1883
1.04139268515822	0	1884
0.778151250383644	0	1885
0.602059991327962	0	1886
0.778151250383644	0	1887
0.903089986991944	0	1888
0.903089986991944	0	1889
1.39794000867204	0	1890
0.602059991327962	0	1891
0.845098040014257	0	1892
0.954242509439325	0	1893
1.25527250510331	0	1894
0.301029995663981	0	1895
0.845098040014257	0	1896
0.698970004336019	0	1897
2.02118929906994	1.58496250072116	1898
0.903089986991944	0	1899
1.11394335230684	0	1900
0.602059991327962	0	1901
1.04139268515822	1	1902
1.07918124604762	0	1903
1.41497334797082	0	1904
0.698970004336019	0	1905
2.21748394421391	1	1906
0.778151250383644	0	1907
0.778151250383644	0	1908
0.903089986991944	0	1909
1.27875360095283	0	1910
0.778151250383644	0	1911
0.954242509439325	0	1912
0.903089986991944	0	1913
1.51851393987789	0	1914
1.07918124604762	0	1915
1.34242268082221	0	1916
1	0	1917
0.903089986991944	1	1918
1.11394335230684	0	1919
0.954242509439325	0	1920
0.954242509439325	0	1921
1	0	1922
1.17609125905568	0	1923
1.07918124604762	0	1924
1.20411998265592	0	1925
1.07918124604762	0	1926
1.60205999132796	0	1927
0.778151250383644	0	1928
1.75587485567249	1	1929
0.602059991327962	0	1930
1.41497334797082	0	1931
1.04139268515822	0	1932
0.698970004336019	0	1933
0.477121254719662	0	1934
0.845098040014257	0	1935
0.301029995663981	0	1936
0.602059991327962	0	1937
1.5910646070265	1	1938
1.27875360095283	0	1939
0.602059991327962	0	1940
0.602059991327962	0	1941
1.07918124604762	0	1942
1.93449845124357	0	1943
1.14612803567824	0	1944
1.23044892137827	1	1945
1.44715803134222	0	1946
1.07918124604762	0	1947
0.954242509439325	0	1948
1.27875360095283	0	1949
0.845098040014257	1	1950
0.903089986991944	0	1951
0.602059991327962	0	1952
0.845098040014257	1	1953
1.84509804001426	0	1954
0.602059991327962	0	1955
1	0	1956
2.12057393120585	0	1957
1.04139268515822	0	1958
1.79239168949825	1	1959
0.954242509439325	0	1960
0.954242509439325	0	1961
1.07918124604762	0	1962
0.698970004336019	0	1963
1.07918124604762	0	1964
0.845098040014257	0	1965
0.301029995663981	0	1966
0.602059991327962	0	1967
0.778151250383644	0	1968
0.698970004336019	0	1969
0.698970004336019	0	1970
1.38021124171161	0	1971
1.90308998699194	1.58496250072116	1972
1.07918124604762	0	1973
0.602059991327962	0	1974
2.19589965240923	0	1975
1.04139268515822	0	1976
1.20411998265592	1	1977
1.25527250510331	0	1978
1.23044892137827	1	1979
0.301029995663981	0	1980
0.845098040014257	0	1981
1	1	1982
0.778151250383644	0	1983
0.477121254719662	0	1984
0.845098040014257	0	1985
1.25527250510331	0	1986
0.698970004336019	0	1987
1.39794000867204	0	1988
0.778151250383644	0	1989
1.11394335230684	0	1990
0.698970004336019	0	1991
0.301029995663981	0	1992
0.903089986991944	0	1993
0.477121254719662	0	1994
0.698970004336019	0	1995
0.954242509439325	0	1996
1.77815125038364	0	1997
1	0	1998
1	0	1999
1.07918124604762	1	2000
0.903089986991944	0	2001
0.477121254719662	0	2002
1.38021124171161	0	2003
0.954242509439325	0	2004
0.903089986991944	0	2005
0.477121254719662	0	2006
0.301029995663981	0	2007
1.25527250510331	0	2008
1.39794000867204	0	2009
1.07918124604762	1	2010
1.8750612633917	2	2011
0.954242509439325	0	2012
1.32221929473392	0	2013
1.07918124604762	0	2014
1.30102999566398	0	2015
1.25527250510331	0	2016
1.34242268082221	1	2017
0.954242509439325	0	2018
0.602059991327962	0	2019
0.301029995663981	0	2020
1.32221929473392	0	2021
0.698970004336019	0	2022
1.17609125905568	0	2023
1.20411998265592	0	2024
0.778151250383644	0	2025
1.07918124604762	0	2026
1.65321251377534	1	2027
1.80617997398389	0	2028
0.477121254719662	0	2029
1.11394335230684	0	2030
0.845098040014257	0	2031
1.04139268515822	0	2032
0.698970004336019	0	2033
0.602059991327962	0	2034
0.845098040014257	0	2035
0.954242509439325	0	2036
0.954242509439325	1	2037
1.07918124604762	0	2038
0.477121254719662	0	2039
1.07918124604762	0	2040
1	0	2041
1.64345267648619	1	2042
1.11394335230684	0	2043
0.903089986991944	0	2044
1	0	2045
1.11394335230684	1	2046
1.41497334797082	0	2047
0.845098040014257	0	2048
1.20411998265592	0	2049
1.41497334797082	0	2050
1.25527250510331	0	2051
0.954242509439325	0	2052
1.11394335230684	0	2053
0.778151250383644	0	2054
1	1	2055
0.903089986991944	0	2056
1.11394335230684	1	2057
3.25671774597749	2	2058
1.07918124604762	0	2059
0.778151250383644	0	2060
0.778151250383644	0	2061
0.954242509439325	0	2062
1.32221929473392	0	2063
0.903089986991944	0	2064
0.845098040014257	0	2065
1.67209785793572	1	2066
1.5910646070265	0	2067
0.903089986991944	0	2068
0.845098040014257	0	2069
1.23044892137827	0	2070
1.92941892571429	0	2071
0.602059991327962	0	2072
1.51851393987789	1	2073
1.89762709129044	1	2074
1.07918124604762	0	2075
1.70757017609794	0	2076
0.477121254719662	0	2077
0.903089986991944	0	2078
0.698970004336019	0	2079
1.04139268515822	0	2080
0.698970004336019	0	2081
0.954242509439325	0	2082
1.38021124171161	0	2083
1	0	2084
1.34242268082221	1	2085
1.86332286012046	0	2086
0.845098040014257	0	2087
1.39794000867204	1.58496250072116	2088
0.903089986991944	0	2089
1.80617997398389	1.58496250072116	2090
1.49136169383427	0	2091
1.30102999566398	1	2092
0.698970004336019	0	2093
1.20411998265592	0	2094
1.07918124604762	0	2095
0.954242509439325	0	2096
0.602059991327962	0	2097
0.845098040014257	0	2098
1.23044892137827	0	2099
1.23044892137827	1	2100
0.602059991327962	0	2101
0.954242509439325	0	2102
0.903089986991944	1	2103
0.903089986991944	0	2104
0.845098040014257	0	2105
0.845098040014257	0	2106
0.698970004336019	0	2107
1.60205999132796	0	2108
0.602059991327962	0	2109
1.30102999566398	0	2110
1.32221929473392	0	2111
1.39794000867204	0	2112
0.301029995663981	0	2113
1.78532983501077	1	2114
0.301029995663981	0	2115
0.954242509439325	0	2116
0.778151250383644	0	2117
0.477121254719662	0	2118
1.57978359661681	0	2119
1.66275783168157	0	2120
0.602059991327962	0	2121
0.602059991327962	0	2122
0.778151250383644	0	2123
1.04139268515822	0	2124
0.903089986991944	0	2125
1.23044892137827	1	2126
0.602059991327962	0	2127
0.903089986991944	0	2128
1.39794000867204	0	2129
0.602059991327962	0	2130
0.845098040014257	0	2131
1	1	2132
1.23044892137827	0	2133
1.38021124171161	0	2134
0.778151250383644	0	2135
1	0	2136
0.602059991327962	0	2137
0.477121254719662	0	2138
0.698970004336019	0	2139
1.568201724067	1	2140
1.57978359661681	0	2141
1.39794000867204	1	2142
0.301029995663981	0	2143
1	0	2144
1	1	2145
1.17609125905568	1	2146
1.07918124604762	0	2147
1	0	2148
1.77815125038364	1	2149
1.14612803567824	0	2150
0.698970004336019	0	2151
1.36172783601759	1	2152
1.17609125905568	0	2153
0.602059991327962	0	2154
1.07918124604762	0	2155
1.36172783601759	0	2156
0.954242509439325	0	2157
1	0	2158
0.602059991327962	0	2159
1.8750612633917	1	2160
1.14612803567824	0	2161
0.698970004336019	0	2162
1.69897000433602	1	2163
1.39794000867204	0	2164
1.51851393987789	0	2165
1.34242268082221	0	2166
0.845098040014257	0	2167
0.698970004336019	0	2168
0.301029995663981	0	2169
1.57978359661681	1	2170
1	0	2171
0.845098040014257	0	2172
0.698970004336019	0	2173
1.63346845557959	1	2174
1.04139268515822	0	2175
0.778151250383644	0	2176
1.27875360095283	1	2177
1.7481880270062	0	2178
1.82607480270083	0	2179
0.698970004336019	0	2180
1.36172783601759	0	2181
1	1	2182
1.14612803567824	0	2183
0.602059991327962	0	2184
1.07918124604762	0	2185
0.954242509439325	0	2186
2.18184358794477	0	2187
0.698970004336019	0	2188
0.602059991327962	0	2189
0.698970004336019	0	2190
0.602059991327962	0	2191
1.04139268515822	0	2192
0.477121254719662	0	2193
0.778151250383644	0	2194
0.778151250383644	0	2195
1.36172783601759	1	2196
2.2380461031288	1	2197
1.11394335230684	0	2198
2.17026171539496	1	2199
0.602059991327962	0	2200
0.954242509439325	1	2201
0.301029995663981	0	2202
1.9912260756925	1	2203
1	0	2204
0.477121254719662	0	2205
0.845098040014257	0	2206
1.14612803567824	0	2207
0.778151250383644	0	2208
0.698970004336019	0	2209
1.14612803567824	0	2210
1.53147891704226	0	2211
0.845098040014257	0	2212
1.17609125905568	0	2213
1.54406804435028	1	2214
1.07918124604762	0	2215
1.27875360095283	0	2216
1	0	2217
1.34242268082221	0	2218
0.778151250383644	0	2219
1.55630250076729	0	2220
1	0	2221
1	0	2222
0.602059991327962	0	2223
0.778151250383644	0	2224
0.477121254719662	0	2225
1.77085201164214	0	2226
1.77815125038364	0	2227
0.602059991327962	0	2228
0.903089986991944	0	2229
0.602059991327962	0	2230
1.65321251377534	0	2231
0.698970004336019	0	2232
1.44715803134222	0	2233
0.778151250383644	0	2234
1.14612803567824	0	2235
1.36172783601759	0	2236
0.477121254719662	0	2237
0.698970004336019	0	2238
0.477121254719662	0	2239
1.04139268515822	0	2240
0.301029995663981	0	2241
0.954242509439325	0	2242
1.80617997398389	1	2243
1.14612803567824	0	2244
0.301029995663981	0	2245
0.845098040014257	0	2246
1.75587485567249	0	2247
1.49136169383427	0	2248
1.11394335230684	1	2249
1	0	2250
1.30102999566398	0	2251
1	1	2252
2.08635983067475	0	2253
1.30102999566398	0	2254
0.903089986991944	0	2255
1.23044892137827	0	2256
0.698970004336019	1	2257
0.954242509439325	0	2258
1.07918124604762	0	2259
0.477121254719662	0	2260
1.23044892137827	0	2261
1.89209460269048	0	2262
1.77815125038364	1	2263
2.22530928172586	1	2264
0.903089986991944	0	2265
1.53147891704226	0	2266
1.83884909073726	0	2267
0.477121254719662	0	2268
1.25527250510331	1	2269
0.903089986991944	0	2270
0.845098040014257	0	2271
0.778151250383644	0	2272
1	0	2273
1.44715803134222	0	2274
1.11394335230684	1	2275
1.49136169383427	1	2276
1.36172783601759	1	2277
1.43136376415899	0	2278
0.845098040014257	0	2279
0.845098040014257	0	2280
1.30102999566398	0	2281
0.845098040014257	0	2282
1.25527250510331	0	2283
0.845098040014257	1	2284
1.77815125038364	0	2285
1.90308998699194	1	2286
2.00432137378264	0	2287
0.845098040014257	0	2288
1.8750612633917	1	2289
0.301029995663981	0	2290
1.41497334797082	0	2291
1.23044892137827	0	2292
2.35602585719312	0	2293
0.477121254719662	0	2294
0.477121254719662	0	2295
0.602059991327962	0	2296
0.698970004336019	0	2297
0.778151250383644	0	2298
0.903089986991944	0	2299
0.301029995663981	0	2300
1.47712125471966	0	2301
1.34242268082221	0	2302
0.698970004336019	0	2303
1.55630250076729	0	2304
1.23044892137827	0	2305
1.84509804001426	0	2306
1.11394335230684	0	2307
0.903089986991944	0	2308
1.78532983501077	1	2309
0.698970004336019	0	2310
0.903089986991944	0	2311
1.17609125905568	0	2312
0.903089986991944	0	2313
1.55630250076729	0	2314
1.07918124604762	0	2315
0.698970004336019	0	2316
0.698970004336019	0	2317
1.39794000867204	0	2318
0.903089986991944	0	2319
0.602059991327962	0	2320
0.845098040014257	0	2321
0.602059991327962	0	2322
1.11394335230684	0	2323
0.845098040014257	0	2324
1.66275783168157	0	2325
0.954242509439325	0	2326
0.903089986991944	0	2327
0.954242509439325	0	2328
1.07918124604762	0	2329
1.23044892137827	0	2330
1.81954393554187	0	2331
0.477121254719662	0	2332
0.778151250383644	0	2333
1.86332286012046	0	2334
1	0	2335
0.698970004336019	0	2336
0.845098040014257	0	2337
0.477121254719662	0	2338
1.83884909073726	0	2339
1.32221929473392	0	2340
1.41497334797082	0	2341
1.34242268082221	0	2342
1.72427586960079	1	2343
2.20951501454263	2	2344
1.61278385671974	0	2345
0.698970004336019	0	2346
0.845098040014257	1	2347
0.903089986991944	0	2348
0.903089986991944	0	2349
0.602059991327962	0	2350
0.602059991327962	0	2351
0.903089986991944	0	2352
0.477121254719662	0	2353
0.301029995663981	0	2354
1	0	2355
0.602059991327962	0	2356
1.32221929473392	0	2357
0.778151250383644	0	2358
0.778151250383644	0	2359
1.39794000867204	1	2360
1.20411998265592	0	2361
0.477121254719662	0	2362
1.11394335230684	0	2363
0.698970004336019	1	2364
0.845098040014257	0	2365
0.778151250383644	0	2366
0.903089986991944	0	2367
0.954242509439325	0	2368
0.698970004336019	0	2369
0.845098040014257	0	2370
0.602059991327962	1	2371
1.30102999566398	0	2372
1.25527250510331	0	2373
0.903089986991944	0	2374
1.96378782734556	1	2375
0.477121254719662	0	2376
0.778151250383644	0	2377
0.301029995663981	0	2378
0.698970004336019	0	2379
0.845098040014257	0	2380
1	0	2381
0.602059991327962	0	2382
0.778151250383644	0	2383
1.14612803567824	0	2384
1.17609125905568	0	2385
0.954242509439325	0	2386
0.698970004336019	1	2387
0.477121254719662	0	2388
1.41497334797082	0	2389
1.11394335230684	0	2390
1.14612803567824	1.58496250072116	2391
1.20411998265592	1	2392
0.301029995663981	0	2393
0.698970004336019	0	2394
0.698970004336019	0	2395
0.602059991327962	0	2396
1.39794000867204	1	2397
1.43136376415899	0	2398
0.778151250383644	0	2399
1.25527250510331	0	2400
0.903089986991944	0	2401
1.36172783601759	0	2402
0.903089986991944	1	2403
1	0	2404
1.17609125905568	0	2405
0.845098040014257	0	2406
0.845098040014257	0	2407
0.954242509439325	0	2408
0.301029995663981	0	2409
0.903089986991944	0	2410
0.301029995663981	0	2411
0.602059991327962	0	2412
0.954242509439325	0	2413
0.602059991327962	0	2414
1	0	2415
1.77815125038364	0	2416
0.602059991327962	0	2417
0.477121254719662	0	2418
1.04139268515822	0	2419
0.845098040014257	0	2420
1	0	2421
0.301029995663981	0	2422
0.301029995663981	0	2423
0.778151250383644	0	2424
1.14612803567824	0	2425
1.36172783601759	0	2426
0.778151250383644	0	2427
1.25527250510331	0	2428
1.86923171973098	0	2429
1.30102999566398	0	2430
0.698970004336019	0	2431
0.301029995663981	0	2432
1.27875360095283	1	2433
1.20411998265592	0	2434
0	0	2435
1	0	2436
0.301029995663981	0	2437
0.602059991327962	0	2438
1.49136169383427	2	2439
1.07918124604762	0	2440
0.602059991327962	0	2441
1	0	2442
0.602059991327962	0	2443
1.39794000867204	0	2444
1.25527250510331	1	2445
0.845098040014257	0	2446
0.477121254719662	0	2447
1.11394335230684	0	2448
1.11394335230684	0	2449
0.903089986991944	0	2450
1.04139268515822	0	2451
1.36172783601759	0	2452
0.778151250383644	0	2453
0.845098040014257	0	2454
0.477121254719662	0	2455
1.47712125471966	0	2456
0.301029995663981	0	2457
1.80617997398389	0	2458
1.41497334797082	0	2459
0.778151250383644	0	2460
0.698970004336019	0	2461
1.86923171973098	1	2462
1	0	2463
0.778151250383644	0	2464
1.34242268082221	1	2465
1.41497334797082	0	2466
0.954242509439325	0	2467
1.20411998265592	0	2468
1	0	2469
2.15228834438306	0	2470
0.845098040014257	0	2471
1.25527250510331	1	2472
0.954242509439325	0	2473
1	0	2474
1.04139268515822	0	2475
0.301029995663981	0	2476
1.50514997831991	0	2477
1.88081359228079	0	2478
0.778151250383644	0	2479
0.903089986991944	0	2480
1.17609125905568	0	2481
0.845098040014257	0	2482
0.845098040014257	0	2483
