group	label	showSelected1
1	Cluster 72: 34/5421 pixels shown, logFC -4.4 to 4.2, log10(p) 0.0 to 14.6	72
1	Cluster 76: 71/450 pixels shown, logFC -1.8 to 4.2, log10(p) 0.0 to 2.0	76
1	Cluster 255: 360/5781 pixels shown, logFC -4.0 to 4.4, log10(p) 0.0 to 7.7	255
1	Cluster 285: 1400/16311 pixels shown, logFC -5.2 to 4.5, log10(p) 0.0 to 5.1	285
1	Cluster 401: 234/961 pixels shown, logFC -3.5 to 4.2, log10(p) 0.0 to 3.6	401
1	Cluster 451: 252/1995 pixels shown, logFC -4.0 to 3.9, log10(p) 0.0 to 3.1	451
1	Cluster 503: 44/403 pixels shown, logFC -4.4 to 2.3, log10(p) 0.0 to 2.6	503
1	Cluster 521: 51/310 pixels shown, logFC -4.0 to 2.7, log10(p) 0.0 to 1.9	521
1	Cluster 549: 90/763 pixels shown, logFC -4.4 to 4.2, log10(p) 0.0 to 2.3	549
1	Cluster 589: 1151/2343 pixels shown, logFC -2.6 to 3.9, log10(p) 0.0 to 3.3	589
1	Cluster 792: 56/423 pixels shown, logFC -3.8 to 2.8, log10(p) 0.0 to 2.1	792
1	Cluster 858: 1/118 pixels shown, logFC -1.8 to 4.2, log10(p) 0.0 to 2.0	858
1	Cluster 942: 98/98 pixels shown, logFC -2.1 to 2.3, log10(p) 0.0 to 3.1	942
1	Cluster 1183: 24/24 pixels shown, logFC -0.7 to 3.3, log10(p) 0.0 to 1.2	1183
1	Cluster 1437: 27/39 pixels shown, logFC -1.8 to -0.2, log10(p) 0.1 to 2.0	1437
1	Cluster 1442: 74/151 pixels shown, logFC -4.4 to 1.7, log10(p) 0.0 to 2.3	1442
1	Cluster 2010: 4/12 pixels shown, logFC -2.6 to -1.2, log10(p) 0.4 to 0.7	2010
1	Cluster 2011: 10/75 pixels shown, logFC -2.6 to 1.1, log10(p) 0.0 to 2.8	2011
1	Cluster 2149: 29/60 pixels shown, logFC -3.5 to -0.6, log10(p) 0.2 to 1.3	2149
1	Cluster 2276: 18/31 pixels shown, logFC -3.8 to 0.1, log10(p) 0.0 to 1.5	2276
1	Cluster 2344: 33/162 pixels shown, logFC -1.3 to 3.6, log10(p) 0.0 to 2.8	2344
