x	y	clickSelects
-0.11661710047098	-2.35576481913807	67
-0.00351751169425008	-2.08582511368827	67
0.0836107605993099	-1.72892515334143	31
-0.1175053637714	-2.35487991664519	67
-0.12406353400917	-2.41792863319201	515
-0.0149891032351199	-2.097176446682	4
-0.12143268523577	-2.36555611206238	56
0.0874573851003899	-1.71375543623444	369
-0.0173415420548899	-2.06210890702274	285
0.0847470731601701	-1.727473833157	11
-0.1196926997193	-2.43284258512412	589
-0.10666344921387	-2.38984297898338	95
-0.11009341655328	-2.41810346019967	28
-0.0102514911625202	-2.0948382245238	95
-0.11098117148138	-2.42362060650788	44
-0.12016645962583	-2.38638393619809	129
-0.11829451937361	-2.4224077321992	422
0.0908437410713101	-1.77418595563345	131
-0.11056449686049	-2.37131720146484	99
0.0827074911719898	-1.73015679184883	44
-0.0140823909804699	-2.10095725207404	44
-0.0116171049870299	-2.03543027969212	2264
-0.11145252570939	-2.37704104642503	44
-0.11847589401547	-2.4157764315075	565
-0.02272957848816	-2.20546902359124	342
-0.00917131719061004	-2.23311458986603	338
0.0892676496140101	-1.73511329256587	215
-0.11624896478116	-2.3837244537783	1668
0.08994018706393	-1.78361963116647	1639
-0.12190680217751	-2.42032085613911	50
0.0810154130055198	2.0493501030439	99
-0.1175854159642	-2.41374700262376	20
-0.0723771331099998	-1.18374326720338	747
-0.0329725452252601	2.13218149729641	747
-0.06178734744578	-1.19201325254515	747
-0.12270474958809	-2.4123018914468	747
-0.12456701451747	-2.4552726366129	99
-0.0237363522720999	-2.16301706856192	18
0.0877927953148601	-1.80789675687665	44
-0.0017084083838701	-2.0645705380846	5
-0.12143268523577	-2.36555611206238	47
-0.1227941586937	-2.42655372805561	497
-0.1179197950096	-2.40688390986619	103
-0.0137957232555599	-2.11413496901149	349
-0.00860811829354002	-2.03658935214031	21
-0.11222592452159	-2.40944587722737	903
0.08135716527728	-1.81213489096274	326
-0.0194627105310001	-2.09768937849862	85
-0.10624422500449	-2.44699646130607	733
-0.11839301109344	-2.35936857285404	85
-0.0116171049870299	-2.03543027969212	733
-0.11880655477008	-2.41670088235943	733
-0.1175053637714	-2.35487991664519	85
0.0915221858089899	-1.73768658950173	85
-0.01680044303267	-2.10602786191896	1795
-0.0111555454819698	-2.09102694022076	85
-0.11666232751766	-2.45328019951013	85
-0.0138858126555599	-2.10824907622616	208
-0.12007124444227	-2.41140679983007	469
0.0841605678055801	-1.78340333509318	674
-0.11965665651008	-2.36731762445781	325
-0.00606698566065012	-2.11213498359313	85
-0.0662800736570701	-1.10879738207119	563
-0.11536202310597	-2.36867719235809	52
-0.11713529542587	-2.40778157907066	312
-0.11703241998122	-2.402552972597	52
